Command line invocation:
    /Applications/Xcode_27.2_beta.app/Contents/Developer/usr/bin/xcodebuild archive -project PC-on-iPhone.xcodeproj -scheme PC-on-iPhone -configuration Release -destination generic/platform=iOS -archivePath /Users/runner/work/_temp/PC-on-iPhone-unsigned.xcarchive CODE_SIGNING_ALLOWED=NO CODE_SIGNING_REQUIRED=NO CODE_SIGN_IDENTITY= CODE_SIGN_ENTITLEMENTS= CODE_SIGN_STYLE=Manual PROVISIONING_PROFILE_SPECIFIER=

Build settings from command line:
    CODE_SIGN_ENTITLEMENTS = 
    CODE_SIGN_IDENTITY = 
    CODE_SIGN_STYLE = Manual
    CODE_SIGNING_ALLOWED = NO
    CODE_SIGNING_REQUIRED = NO
    PROVISIONING_PROFILE_SPECIFIER = 

note: Using codesigning identity override: 
ComputePackagePrebuildTargetDependencyGraph

Prepare packages

CreateBuildRequest

SendProjectDescription

CreateBuildOperation

ComputeTargetDependencyGraph
note: Building targets in dependency order
note: Target dependency graph (1 target)
    Target 'PC-on-iPhone' in project 'PC-on-iPhone' (no dependencies)

GatherProvisioningInputs

CreateBuildDescription

ExecuteExternalTool /Applications/Xcode_27.2_beta.app/Contents/Developer/usr/bin/actool --print-asset-tag-combinations --output-format xml1 /Users/runner/work/PC-on-iPhone/PC-on-iPhone/PC-on-iPhone/Assets.xcassets

ExecuteExternalTool /Applications/Xcode_27.2_beta.app/Contents/Developer/Toolchains/XcodeDefault.xctoolchain/usr/bin/clang -v -E -dM -isysroot /Applications/Xcode_27.2_beta.app/Contents/Developer/Platforms/iPhoneOS.platform/Developer/SDKs/iPhoneOS27.2.sdk -x c -c /dev/null

ExecuteExternalTool /Applications/Xcode_27.2_beta.app/Contents/Developer/usr/bin/actool --version --output-format xml1

ExecuteExternalTool /Applications/Xcode_27.2_beta.app/Contents/Developer/Toolchains/XcodeDefault.xctoolchain/usr/bin/swiftc --version

ExecuteExternalTool /Applications/Xcode_27.2_beta.app/Contents/Developer/Toolchains/XcodeDefault.xctoolchain/usr/bin/ld -version_details

Build description signature: 134166b8bfc491835c4210b860525869
Build description path: /Users/runner/Library/Developer/Xcode/DerivedData/PC-on-iPhone-ekhnvknuyqllcabiizjfuqteckcb/Build/Intermediates.noindex/ArchiveIntermediates/PC-on-iPhone/IntermediateBuildFilesPath/XCBuildData/134166b8bfc491835c4210b860525869.xcbuilddata
CreateBuildDirectory /Users/runner/Library/Developer/Xcode/DerivedData/SDKExplicitPrecompiledModules
    cd /Users/runner/work/PC-on-iPhone/PC-on-iPhone/PC-on-iPhone.xcodeproj
    builtin-create-build-directory /Users/runner/Library/Developer/Xcode/DerivedData/SDKExplicitPrecompiledModules

CreateBuildDirectory /Users/runner/Library/Developer/Xcode/DerivedData/PC-on-iPhone-ekhnvknuyqllcabiizjfuqteckcb/Build/Intermediates.noindex/ArchiveIntermediates/PC-on-iPhone/PrecompiledHeaders
    cd /Users/runner/work/PC-on-iPhone/PC-on-iPhone/PC-on-iPhone.xcodeproj
    builtin-create-build-directory /Users/runner/Library/Developer/Xcode/DerivedData/PC-on-iPhone-ekhnvknuyqllcabiizjfuqteckcb/Build/Intermediates.noindex/ArchiveIntermediates/PC-on-iPhone/PrecompiledHeaders

CreateBuildDirectory /Users/runner/Library/Developer/Xcode/DerivedData/PC-on-iPhone-ekhnvknuyqllcabiizjfuqteckcb/Build/Intermediates.noindex/ArchiveIntermediates/PC-on-iPhone/IntermediateBuildFilesPath
    cd /Users/runner/work/PC-on-iPhone/PC-on-iPhone/PC-on-iPhone.xcodeproj
    builtin-create-build-directory /Users/runner/Library/Developer/Xcode/DerivedData/PC-on-iPhone-ekhnvknuyqllcabiizjfuqteckcb/Build/Intermediates.noindex/ArchiveIntermediates/PC-on-iPhone/IntermediateBuildFilesPath

CreateBuildDirectory /Users/runner/Library/Developer/Xcode/DerivedData/PC-on-iPhone-ekhnvknuyqllcabiizjfuqteckcb/Build/Intermediates.noindex/ArchiveIntermediates/PC-on-iPhone/InstallationBuildProductsLocation
    cd /Users/runner/work/PC-on-iPhone/PC-on-iPhone/PC-on-iPhone.xcodeproj
    builtin-create-build-directory /Users/runner/Library/Developer/Xcode/DerivedData/PC-on-iPhone-ekhnvknuyqllcabiizjfuqteckcb/Build/Intermediates.noindex/ArchiveIntermediates/PC-on-iPhone/InstallationBuildProductsLocation

CreateBuildDirectory /Users/runner/Library/Developer/Xcode/DerivedData/PC-on-iPhone-ekhnvknuyqllcabiizjfuqteckcb/Build/Intermediates.noindex/ArchiveIntermediates/PC-on-iPhone/BuildProductsPath
    cd /Users/runner/work/PC-on-iPhone/PC-on-iPhone/PC-on-iPhone.xcodeproj
    builtin-create-build-directory /Users/runner/Library/Developer/Xcode/DerivedData/PC-on-iPhone-ekhnvknuyqllcabiizjfuqteckcb/Build/Intermediates.noindex/ArchiveIntermediates/PC-on-iPhone/BuildProductsPath

WriteAuxiliaryFile /Users/runner/Library/Developer/Xcode/DerivedData/PC-on-iPhone-ekhnvknuyqllcabiizjfuqteckcb/Build/Intermediates.noindex/ArchiveIntermediates/PC-on-iPhone/IntermediateBuildFilesPath/PC-on-iPhone.build/Release-iphoneos/PC-on-iPhone-111e1435cbf7196db9bc6ba3648d23fb-VFS-iphoneos/all-product-headers.yaml
    cd /Users/runner/work/PC-on-iPhone/PC-on-iPhone/PC-on-iPhone.xcodeproj
    write-file /Users/runner/Library/Developer/Xcode/DerivedData/PC-on-iPhone-ekhnvknuyqllcabiizjfuqteckcb/Build/Intermediates.noindex/ArchiveIntermediates/PC-on-iPhone/IntermediateBuildFilesPath/PC-on-iPhone.build/Release-iphoneos/PC-on-iPhone-111e1435cbf7196db9bc6ba3648d23fb-VFS-iphoneos/all-product-headers.yaml

CreateBuildDirectory /Users/runner/Library/Developer/Xcode/DerivedData/PC-on-iPhone-ekhnvknuyqllcabiizjfuqteckcb/Build/Intermediates.noindex/ArchiveIntermediates/PC-on-iPhone/IntermediateBuildFilesPath/SwiftExplicitPrecompiledModules
    cd /Users/runner/work/PC-on-iPhone/PC-on-iPhone/PC-on-iPhone.xcodeproj
    builtin-create-build-directory /Users/runner/Library/Developer/Xcode/DerivedData/PC-on-iPhone-ekhnvknuyqllcabiizjfuqteckcb/Build/Intermediates.noindex/ArchiveIntermediates/PC-on-iPhone/IntermediateBuildFilesPath/SwiftExplicitPrecompiledModules

CreateBuildDirectory /Users/runner/Library/Developer/Xcode/DerivedData/PC-on-iPhone-ekhnvknuyqllcabiizjfuqteckcb/Build/Intermediates.noindex/ArchiveIntermediates/PC-on-iPhone/IntermediateBuildFilesPath/ExplicitPrecompiledModules
    cd /Users/runner/work/PC-on-iPhone/PC-on-iPhone/PC-on-iPhone.xcodeproj
    builtin-create-build-directory /Users/runner/Library/Developer/Xcode/DerivedData/PC-on-iPhone-ekhnvknuyqllcabiizjfuqteckcb/Build/Intermediates.noindex/ArchiveIntermediates/PC-on-iPhone/IntermediateBuildFilesPath/ExplicitPrecompiledModules

CreateBuildDirectory /Users/runner/Library/Developer/Xcode/DerivedData/PC-on-iPhone-ekhnvknuyqllcabiizjfuqteckcb/Build/Intermediates.noindex/ArchiveIntermediates/PC-on-iPhone/IntermediateBuildFilesPath/EagerLinkingTBDs/Release-iphoneos
    cd /Users/runner/work/PC-on-iPhone/PC-on-iPhone/PC-on-iPhone.xcodeproj
    builtin-create-build-directory /Users/runner/Library/Developer/Xcode/DerivedData/PC-on-iPhone-ekhnvknuyqllcabiizjfuqteckcb/Build/Intermediates.noindex/ArchiveIntermediates/PC-on-iPhone/IntermediateBuildFilesPath/EagerLinkingTBDs/Release-iphoneos

CreateBuildDirectory /Users/runner/Library/Developer/Xcode/DerivedData/PC-on-iPhone-ekhnvknuyqllcabiizjfuqteckcb/Build/Intermediates.noindex/ArchiveIntermediates/PC-on-iPhone/BuildProductsPath/Release-iphoneos
    cd /Users/runner/work/PC-on-iPhone/PC-on-iPhone/PC-on-iPhone.xcodeproj
    builtin-create-build-directory /Users/runner/Library/Developer/Xcode/DerivedData/PC-on-iPhone-ekhnvknuyqllcabiizjfuqteckcb/Build/Intermediates.noindex/ArchiveIntermediates/PC-on-iPhone/BuildProductsPath/Release-iphoneos

CreateBuildDirectory /Users/runner/Library/Developer/Xcode/DerivedData/ModuleCache.noindex
    cd /Users/runner/work/PC-on-iPhone/PC-on-iPhone/PC-on-iPhone.xcodeproj
    builtin-create-build-directory /Users/runner/Library/Developer/Xcode/DerivedData/ModuleCache.noindex

CreateBuildDirectory /Users/runner/Library/Developer/Xcode/DerivedData/CompilationCache.noindex
    cd /Users/runner/work/PC-on-iPhone/PC-on-iPhone/PC-on-iPhone.xcodeproj
    builtin-create-build-directory /Users/runner/Library/Developer/Xcode/DerivedData/CompilationCache.noindex

ClangStatCache /Applications/Xcode_27.2_beta.app/Contents/Developer/Toolchains/XcodeDefault.xctoolchain/usr/bin/clang-stat-cache /Applications/Xcode_27.2_beta.app/Contents/Developer/Platforms/iPhoneOS.platform/Developer/SDKs/iPhoneOS27.2.sdk /Users/runner/Library/Developer/Xcode/DerivedData/SDKStatCaches.noindex/iphoneos27.2-24B5084k-30dfce472e1825aef24bc0e151085326.sdkstatcache
    cd /Users/runner/work/PC-on-iPhone/PC-on-iPhone/PC-on-iPhone.xcodeproj
    /Applications/Xcode_27.2_beta.app/Contents/Developer/Toolchains/XcodeDefault.xctoolchain/usr/bin/clang-stat-cache /Applications/Xcode_27.2_beta.app/Contents/Developer/Platforms/iPhoneOS.platform/Developer/SDKs/iPhoneOS27.2.sdk -o /Users/runner/Library/Developer/Xcode/DerivedData/SDKStatCaches.noindex/iphoneos27.2-24B5084k-30dfce472e1825aef24bc0e151085326.sdkstatcache

WriteAuxiliaryFile /Users/runner/Library/Developer/Xcode/DerivedData/PC-on-iPhone-ekhnvknuyqllcabiizjfuqteckcb/Build/Intermediates.noindex/ArchiveIntermediates/PC-on-iPhone/IntermediateBuildFilesPath/PC-on-iPhone.build/Release-iphoneos/PC-on-iPhone.build/PC-on-iPhone.DependencyStaticMetadataFileList (in target 'PC-on-iPhone' from project 'PC-on-iPhone')
    cd /Users/runner/work/PC-on-iPhone/PC-on-iPhone
    write-file /Users/runner/Library/Developer/Xcode/DerivedData/PC-on-iPhone-ekhnvknuyqllcabiizjfuqteckcb/Build/Intermediates.noindex/ArchiveIntermediates/PC-on-iPhone/IntermediateBuildFilesPath/PC-on-iPhone.build/Release-iphoneos/PC-on-iPhone.build/PC-on-iPhone.DependencyStaticMetadataFileList

WriteAuxiliaryFile /Users/runner/Library/Developer/Xcode/DerivedData/PC-on-iPhone-ekhnvknuyqllcabiizjfuqteckcb/Build/Intermediates.noindex/ArchiveIntermediates/PC-on-iPhone/IntermediateBuildFilesPath/PC-on-iPhone.build/Release-iphoneos/PC-on-iPhone.build/PC-on-iPhone.hmap (in target 'PC-on-iPhone' from project 'PC-on-iPhone')
    cd /Users/runner/work/PC-on-iPhone/PC-on-iPhone
    write-file /Users/runner/Library/Developer/Xcode/DerivedData/PC-on-iPhone-ekhnvknuyqllcabiizjfuqteckcb/Build/Intermediates.noindex/ArchiveIntermediates/PC-on-iPhone/IntermediateBuildFilesPath/PC-on-iPhone.build/Release-iphoneos/PC-on-iPhone.build/PC-on-iPhone.hmap

WriteAuxiliaryFile /Users/runner/Library/Developer/Xcode/DerivedData/PC-on-iPhone-ekhnvknuyqllcabiizjfuqteckcb/Build/Intermediates.noindex/ArchiveIntermediates/PC-on-iPhone/IntermediateBuildFilesPath/PC-on-iPhone.build/Release-iphoneos/PC-on-iPhone.build/PC-on-iPhone.DependencyMetadataFileList (in target 'PC-on-iPhone' from project 'PC-on-iPhone')
    cd /Users/runner/work/PC-on-iPhone/PC-on-iPhone
    write-file /Users/runner/Library/Developer/Xcode/DerivedData/PC-on-iPhone-ekhnvknuyqllcabiizjfuqteckcb/Build/Intermediates.noindex/ArchiveIntermediates/PC-on-iPhone/IntermediateBuildFilesPath/PC-on-iPhone.build/Release-iphoneos/PC-on-iPhone.build/PC-on-iPhone.DependencyMetadataFileList

WriteAuxiliaryFile /Users/runner/Library/Developer/Xcode/DerivedData/PC-on-iPhone-ekhnvknuyqllcabiizjfuqteckcb/Build/Intermediates.noindex/ArchiveIntermediates/PC-on-iPhone/IntermediateBuildFilesPath/PC-on-iPhone.build/Release-iphoneos/PC-on-iPhone.build/PC-on-iPhone-project-headers.hmap (in target 'PC-on-iPhone' from project 'PC-on-iPhone')
    cd /Users/runner/work/PC-on-iPhone/PC-on-iPhone
    write-file /Users/runner/Library/Developer/Xcode/DerivedData/PC-on-iPhone-ekhnvknuyqllcabiizjfuqteckcb/Build/Intermediates.noindex/ArchiveIntermediates/PC-on-iPhone/IntermediateBuildFilesPath/PC-on-iPhone.build/Release-iphoneos/PC-on-iPhone.build/PC-on-iPhone-project-headers.hmap

WriteAuxiliaryFile /Users/runner/Library/Developer/Xcode/DerivedData/PC-on-iPhone-ekhnvknuyqllcabiizjfuqteckcb/Build/Intermediates.noindex/ArchiveIntermediates/PC-on-iPhone/IntermediateBuildFilesPath/PC-on-iPhone.build/Release-iphoneos/PC-on-iPhone.build/PC-on-iPhone-own-target-headers.hmap (in target 'PC-on-iPhone' from project 'PC-on-iPhone')
    cd /Users/runner/work/PC-on-iPhone/PC-on-iPhone
    write-file /Users/runner/Library/Developer/Xcode/DerivedData/PC-on-iPhone-ekhnvknuyqllcabiizjfuqteckcb/Build/Intermediates.noindex/ArchiveIntermediates/PC-on-iPhone/IntermediateBuildFilesPath/PC-on-iPhone.build/Release-iphoneos/PC-on-iPhone.build/PC-on-iPhone-own-target-headers.hmap

WriteAuxiliaryFile /Users/runner/Library/Developer/Xcode/DerivedData/PC-on-iPhone-ekhnvknuyqllcabiizjfuqteckcb/Build/Intermediates.noindex/ArchiveIntermediates/PC-on-iPhone/IntermediateBuildFilesPath/PC-on-iPhone.build/Release-iphoneos/PC-on-iPhone.build/PC-on-iPhone-generated-files.hmap (in target 'PC-on-iPhone' from project 'PC-on-iPhone')
    cd /Users/runner/work/PC-on-iPhone/PC-on-iPhone
    write-file /Users/runner/Library/Developer/Xcode/DerivedData/PC-on-iPhone-ekhnvknuyqllcabiizjfuqteckcb/Build/Intermediates.noindex/ArchiveIntermediates/PC-on-iPhone/IntermediateBuildFilesPath/PC-on-iPhone.build/Release-iphoneos/PC-on-iPhone.build/PC-on-iPhone-generated-files.hmap

WriteAuxiliaryFile /Users/runner/Library/Developer/Xcode/DerivedData/PC-on-iPhone-ekhnvknuyqllcabiizjfuqteckcb/Build/Intermediates.noindex/ArchiveIntermediates/PC-on-iPhone/IntermediateBuildFilesPath/PC-on-iPhone.build/Release-iphoneos/PC-on-iPhone.build/PC-on-iPhone-all-target-headers.hmap (in target 'PC-on-iPhone' from project 'PC-on-iPhone')
    cd /Users/runner/work/PC-on-iPhone/PC-on-iPhone
    write-file /Users/runner/Library/Developer/Xcode/DerivedData/PC-on-iPhone-ekhnvknuyqllcabiizjfuqteckcb/Build/Intermediates.noindex/ArchiveIntermediates/PC-on-iPhone/IntermediateBuildFilesPath/PC-on-iPhone.build/Release-iphoneos/PC-on-iPhone.build/PC-on-iPhone-all-target-headers.hmap

WriteAuxiliaryFile /Users/runner/Library/Developer/Xcode/DerivedData/PC-on-iPhone-ekhnvknuyqllcabiizjfuqteckcb/Build/Intermediates.noindex/ArchiveIntermediates/PC-on-iPhone/IntermediateBuildFilesPath/PC-on-iPhone.build/Release-iphoneos/PC-on-iPhone.build/PC-on-iPhone-all-non-framework-target-headers.hmap (in target 'PC-on-iPhone' from project 'PC-on-iPhone')
    cd /Users/runner/work/PC-on-iPhone/PC-on-iPhone
    write-file /Users/runner/Library/Developer/Xcode/DerivedData/PC-on-iPhone-ekhnvknuyqllcabiizjfuqteckcb/Build/Intermediates.noindex/ArchiveIntermediates/PC-on-iPhone/IntermediateBuildFilesPath/PC-on-iPhone.build/Release-iphoneos/PC-on-iPhone.build/PC-on-iPhone-all-non-framework-target-headers.hmap

WriteAuxiliaryFile /Users/runner/Library/Developer/Xcode/DerivedData/PC-on-iPhone-ekhnvknuyqllcabiizjfuqteckcb/Build/Intermediates.noindex/ArchiveIntermediates/PC-on-iPhone/IntermediateBuildFilesPath/PC-on-iPhone.build/Release-iphoneos/PC-on-iPhone.build/Objects-normal/arm64/PC-on-iPhone_const_extract_protocols.json (in target 'PC-on-iPhone' from project 'PC-on-iPhone')
    cd /Users/runner/work/PC-on-iPhone/PC-on-iPhone
    write-file /Users/runner/Library/Developer/Xcode/DerivedData/PC-on-iPhone-ekhnvknuyqllcabiizjfuqteckcb/Build/Intermediates.noindex/ArchiveIntermediates/PC-on-iPhone/IntermediateBuildFilesPath/PC-on-iPhone.build/Release-iphoneos/PC-on-iPhone.build/Objects-normal/arm64/PC-on-iPhone_const_extract_protocols.json

WriteAuxiliaryFile /Users/runner/Library/Developer/Xcode/DerivedData/PC-on-iPhone-ekhnvknuyqllcabiizjfuqteckcb/Build/Intermediates.noindex/ArchiveIntermediates/PC-on-iPhone/IntermediateBuildFilesPath/PC-on-iPhone.build/Release-iphoneos/PC-on-iPhone.build/Objects-normal/arm64/PC-on-iPhone.SwiftFileList (in target 'PC-on-iPhone' from project 'PC-on-iPhone')
    cd /Users/runner/work/PC-on-iPhone/PC-on-iPhone
    write-file /Users/runner/Library/Developer/Xcode/DerivedData/PC-on-iPhone-ekhnvknuyqllcabiizjfuqteckcb/Build/Intermediates.noindex/ArchiveIntermediates/PC-on-iPhone/IntermediateBuildFilesPath/PC-on-iPhone.build/Release-iphoneos/PC-on-iPhone.build/Objects-normal/arm64/PC-on-iPhone.SwiftFileList

WriteAuxiliaryFile /Users/runner/Library/Developer/Xcode/DerivedData/PC-on-iPhone-ekhnvknuyqllcabiizjfuqteckcb/Build/Intermediates.noindex/ArchiveIntermediates/PC-on-iPhone/IntermediateBuildFilesPath/PC-on-iPhone.build/Release-iphoneos/PC-on-iPhone.build/Objects-normal/arm64/PC-on-iPhone.SwiftConstValuesFileList (in target 'PC-on-iPhone' from project 'PC-on-iPhone')
    cd /Users/runner/work/PC-on-iPhone/PC-on-iPhone
    write-file /Users/runner/Library/Developer/Xcode/DerivedData/PC-on-iPhone-ekhnvknuyqllcabiizjfuqteckcb/Build/Intermediates.noindex/ArchiveIntermediates/PC-on-iPhone/IntermediateBuildFilesPath/PC-on-iPhone.build/Release-iphoneos/PC-on-iPhone.build/Objects-normal/arm64/PC-on-iPhone.SwiftConstValuesFileList

WriteAuxiliaryFile /Users/runner/Library/Developer/Xcode/DerivedData/PC-on-iPhone-ekhnvknuyqllcabiizjfuqteckcb/Build/Intermediates.noindex/ArchiveIntermediates/PC-on-iPhone/IntermediateBuildFilesPath/PC-on-iPhone.build/Release-iphoneos/PC-on-iPhone.build/Objects-normal/arm64/PC-on-iPhone.LinkFileList (in target 'PC-on-iPhone' from project 'PC-on-iPhone')
    cd /Users/runner/work/PC-on-iPhone/PC-on-iPhone
    write-file /Users/runner/Library/Developer/Xcode/DerivedData/PC-on-iPhone-ekhnvknuyqllcabiizjfuqteckcb/Build/Intermediates.noindex/ArchiveIntermediates/PC-on-iPhone/IntermediateBuildFilesPath/PC-on-iPhone.build/Release-iphoneos/PC-on-iPhone.build/Objects-normal/arm64/PC-on-iPhone.LinkFileList

WriteAuxiliaryFile /Users/runner/Library/Developer/Xcode/DerivedData/PC-on-iPhone-ekhnvknuyqllcabiizjfuqteckcb/Build/Intermediates.noindex/ArchiveIntermediates/PC-on-iPhone/IntermediateBuildFilesPath/PC-on-iPhone.build/Release-iphoneos/PC-on-iPhone.build/Objects-normal/arm64/PC-on-iPhone-OutputFileMap.json (in target 'PC-on-iPhone' from project 'PC-on-iPhone')
    cd /Users/runner/work/PC-on-iPhone/PC-on-iPhone
    write-file /Users/runner/Library/Developer/Xcode/DerivedData/PC-on-iPhone-ekhnvknuyqllcabiizjfuqteckcb/Build/Intermediates.noindex/ArchiveIntermediates/PC-on-iPhone/IntermediateBuildFilesPath/PC-on-iPhone.build/Release-iphoneos/PC-on-iPhone.build/Objects-normal/arm64/PC-on-iPhone-OutputFileMap.json

SymLink /Users/runner/Library/Developer/Xcode/DerivedData/PC-on-iPhone-ekhnvknuyqllcabiizjfuqteckcb/Build/Intermediates.noindex/ArchiveIntermediates/PC-on-iPhone/BuildProductsPath/Release-iphoneos/PC-on-iPhone.app ../../InstallationBuildProductsLocation/Applications/PC-on-iPhone.app (in target 'PC-on-iPhone' from project 'PC-on-iPhone')
    cd /Users/runner/work/PC-on-iPhone/PC-on-iPhone
    /bin/ln -sfh ../../InstallationBuildProductsLocation/Applications/PC-on-iPhone.app /Users/runner/Library/Developer/Xcode/DerivedData/PC-on-iPhone-ekhnvknuyqllcabiizjfuqteckcb/Build/Intermediates.noindex/ArchiveIntermediates/PC-on-iPhone/BuildProductsPath/Release-iphoneos/PC-on-iPhone.app

MkDir /Users/runner/Library/Developer/Xcode/DerivedData/PC-on-iPhone-ekhnvknuyqllcabiizjfuqteckcb/Build/Intermediates.noindex/ArchiveIntermediates/PC-on-iPhone/InstallationBuildProductsLocation/Applications/PC-on-iPhone.app (in target 'PC-on-iPhone' from project 'PC-on-iPhone')
    cd /Users/runner/work/PC-on-iPhone/PC-on-iPhone
    /bin/mkdir -p /Users/runner/Library/Developer/Xcode/DerivedData/PC-on-iPhone-ekhnvknuyqllcabiizjfuqteckcb/Build/Intermediates.noindex/ArchiveIntermediates/PC-on-iPhone/InstallationBuildProductsLocation/Applications/PC-on-iPhone.app

MkDir /Users/runner/Library/Developer/Xcode/DerivedData/PC-on-iPhone-ekhnvknuyqllcabiizjfuqteckcb/Build/Intermediates.noindex/ArchiveIntermediates/PC-on-iPhone/IntermediateBuildFilesPath/PC-on-iPhone.build/Release-iphoneos/PC-on-iPhone.build/assetcatalog_output/unthinned (in target 'PC-on-iPhone' from project 'PC-on-iPhone')
    cd /Users/runner/work/PC-on-iPhone/PC-on-iPhone
    /bin/mkdir -p /Users/runner/Library/Developer/Xcode/DerivedData/PC-on-iPhone-ekhnvknuyqllcabiizjfuqteckcb/Build/Intermediates.noindex/ArchiveIntermediates/PC-on-iPhone/IntermediateBuildFilesPath/PC-on-iPhone.build/Release-iphoneos/PC-on-iPhone.build/assetcatalog_output/unthinned

MkDir /Users/runner/Library/Developer/Xcode/DerivedData/PC-on-iPhone-ekhnvknuyqllcabiizjfuqteckcb/Build/Intermediates.noindex/ArchiveIntermediates/PC-on-iPhone/IntermediateBuildFilesPath/PC-on-iPhone.build/Release-iphoneos/PC-on-iPhone.build/assetcatalog_output/thinned (in target 'PC-on-iPhone' from project 'PC-on-iPhone')
    cd /Users/runner/work/PC-on-iPhone/PC-on-iPhone
    /bin/mkdir -p /Users/runner/Library/Developer/Xcode/DerivedData/PC-on-iPhone-ekhnvknuyqllcabiizjfuqteckcb/Build/Intermediates.noindex/ArchiveIntermediates/PC-on-iPhone/IntermediateBuildFilesPath/PC-on-iPhone.build/Release-iphoneos/PC-on-iPhone.build/assetcatalog_output/thinned

GenerateAssetSymbols /Users/runner/work/PC-on-iPhone/PC-on-iPhone/PC-on-iPhone/Assets.xcassets (in target 'PC-on-iPhone' from project 'PC-on-iPhone')
    cd /Users/runner/work/PC-on-iPhone/PC-on-iPhone
    /Applications/Xcode_27.2_beta.app/Contents/Developer/usr/bin/actool /Users/runner/work/PC-on-iPhone/PC-on-iPhone/PC-on-iPhone/Assets.xcassets --compile /Users/runner/Library/Developer/Xcode/DerivedData/PC-on-iPhone-ekhnvknuyqllcabiizjfuqteckcb/Build/Intermediates.noindex/ArchiveIntermediates/PC-on-iPhone/InstallationBuildProductsLocation/Applications/PC-on-iPhone.app --output-format human-readable-text --notices --warnings --export-dependency-info /Users/runner/Library/Developer/Xcode/DerivedData/PC-on-iPhone-ekhnvknuyqllcabiizjfuqteckcb/Build/Intermediates.noindex/ArchiveIntermediates/PC-on-iPhone/IntermediateBuildFilesPath/PC-on-iPhone.build/Release-iphoneos/PC-on-iPhone.build/assetcatalog_dependencies --output-partial-info-plist /Users/runner/Library/Developer/Xcode/DerivedData/PC-on-iPhone-ekhnvknuyqllcabiizjfuqteckcb/Build/Intermediates.noindex/ArchiveIntermediates/PC-on-iPhone/IntermediateBuildFilesPath/PC-on-iPhone.build/Release-iphoneos/PC-on-iPhone.build/assetcatalog_generated_info.plist --app-icon AppIcon --accent-color AccentColor --compress-pngs --enable-on-demand-resources YES --development-region en --target-device iphone --target-device ipad --minimum-deployment-target 16.0 --platform iphoneos --bundle-identifier com.pcfoni.app --generate-swift-asset-symbols /Users/runner/Library/Developer/Xcode/DerivedData/PC-on-iPhone-ekhnvknuyqllcabiizjfuqteckcb/Build/Intermediates.noindex/ArchiveIntermediates/PC-on-iPhone/IntermediateBuildFilesPath/PC-on-iPhone.build/Release-iphoneos/PC-on-iPhone.build/DerivedSources/GeneratedAssetSymbols.swift --generate-objc-asset-symbols /Users/runner/Library/Developer/Xcode/DerivedData/PC-on-iPhone-ekhnvknuyqllcabiizjfuqteckcb/Build/Intermediates.noindex/ArchiveIntermediates/PC-on-iPhone/IntermediateBuildFilesPath/PC-on-iPhone.build/Release-iphoneos/PC-on-iPhone.build/DerivedSources/GeneratedAssetSymbols.h --generate-asset-symbol-index /Users/runner/Library/Developer/Xcode/DerivedData/PC-on-iPhone-ekhnvknuyqllcabiizjfuqteckcb/Build/Intermediates.noindex/ArchiveIntermediates/PC-on-iPhone/IntermediateBuildFilesPath/PC-on-iPhone.build/Release-iphoneos/PC-on-iPhone.build/DerivedSources/GeneratedAssetSymbols-Index.plist
/* com.apple.actool.compilation-results */
/Users/runner/Library/Developer/Xcode/DerivedData/PC-on-iPhone-ekhnvknuyqllcabiizjfuqteckcb/Build/Intermediates.noindex/ArchiveIntermediates/PC-on-iPhone/IntermediateBuildFilesPath/PC-on-iPhone.build/Release-iphoneos/PC-on-iPhone.build/DerivedSources/GeneratedAssetSymbols-Index.plist
/Users/runner/Library/Developer/Xcode/DerivedData/PC-on-iPhone-ekhnvknuyqllcabiizjfuqteckcb/Build/Intermediates.noindex/ArchiveIntermediates/PC-on-iPhone/IntermediateBuildFilesPath/PC-on-iPhone.build/Release-iphoneos/PC-on-iPhone.build/DerivedSources/GeneratedAssetSymbols.h
/Users/runner/Library/Developer/Xcode/DerivedData/PC-on-iPhone-ekhnvknuyqllcabiizjfuqteckcb/Build/Intermediates.noindex/ArchiveIntermediates/PC-on-iPhone/IntermediateBuildFilesPath/PC-on-iPhone.build/Release-iphoneos/PC-on-iPhone.build/DerivedSources/GeneratedAssetSymbols.swift


CompileAssetCatalogVariant thinned /Users/runner/Library/Developer/Xcode/DerivedData/PC-on-iPhone-ekhnvknuyqllcabiizjfuqteckcb/Build/Intermediates.noindex/ArchiveIntermediates/PC-on-iPhone/InstallationBuildProductsLocation/Applications/PC-on-iPhone.app /Users/runner/work/PC-on-iPhone/PC-on-iPhone/PC-on-iPhone/Assets.xcassets (in target 'PC-on-iPhone' from project 'PC-on-iPhone')
    cd /Users/runner/work/PC-on-iPhone/PC-on-iPhone
    /Applications/Xcode_27.2_beta.app/Contents/Developer/usr/bin/actool /Users/runner/work/PC-on-iPhone/PC-on-iPhone/PC-on-iPhone/Assets.xcassets --compile /Users/runner/Library/Developer/Xcode/DerivedData/PC-on-iPhone-ekhnvknuyqllcabiizjfuqteckcb/Build/Intermediates.noindex/ArchiveIntermediates/PC-on-iPhone/IntermediateBuildFilesPath/PC-on-iPhone.build/Release-iphoneos/PC-on-iPhone.build/assetcatalog_output/thinned --output-format human-readable-text --notices --warnings --export-dependency-info /Users/runner/Library/Developer/Xcode/DerivedData/PC-on-iPhone-ekhnvknuyqllcabiizjfuqteckcb/Build/Intermediates.noindex/ArchiveIntermediates/PC-on-iPhone/IntermediateBuildFilesPath/PC-on-iPhone.build/Release-iphoneos/PC-on-iPhone.build/assetcatalog_dependencies_thinned --output-partial-info-plist /Users/runner/Library/Developer/Xcode/DerivedData/PC-on-iPhone-ekhnvknuyqllcabiizjfuqteckcb/Build/Intermediates.noindex/ArchiveIntermediates/PC-on-iPhone/IntermediateBuildFilesPath/PC-on-iPhone.build/Release-iphoneos/PC-on-iPhone.build/assetcatalog_generated_info.plist_thinned --app-icon AppIcon --accent-color AccentColor --compress-pngs --enable-on-demand-resources YES --development-region en --target-device iphone --target-device ipad --minimum-deployment-target 16.0 --platform iphoneos
/* com.apple.actool.compilation-results */
/Users/runner/Library/Developer/Xcode/DerivedData/PC-on-iPhone-ekhnvknuyqllcabiizjfuqteckcb/Build/Intermediates.noindex/ArchiveIntermediates/PC-on-iPhone/IntermediateBuildFilesPath/PC-on-iPhone.build/Release-iphoneos/PC-on-iPhone.build/assetcatalog_generated_info.plist_thinned
/Users/runner/Library/Developer/Xcode/DerivedData/PC-on-iPhone-ekhnvknuyqllcabiizjfuqteckcb/Build/Intermediates.noindex/ArchiveIntermediates/PC-on-iPhone/IntermediateBuildFilesPath/PC-on-iPhone.build/Release-iphoneos/PC-on-iPhone.build/assetcatalog_output/thinned/AppIcon60x60@2x.png
/Users/runner/Library/Developer/Xcode/DerivedData/PC-on-iPhone-ekhnvknuyqllcabiizjfuqteckcb/Build/Intermediates.noindex/ArchiveIntermediates/PC-on-iPhone/IntermediateBuildFilesPath/PC-on-iPhone.build/Release-iphoneos/PC-on-iPhone.build/assetcatalog_output/thinned/AppIcon76x76@2x~ipad.png
/Users/runner/Library/Developer/Xcode/DerivedData/PC-on-iPhone-ekhnvknuyqllcabiizjfuqteckcb/Build/Intermediates.noindex/ArchiveIntermediates/PC-on-iPhone/IntermediateBuildFilesPath/PC-on-iPhone.build/Release-iphoneos/PC-on-iPhone.build/assetcatalog_output/thinned/Assets.car


SwiftDriver PC-on-iPhone normal arm64 com.apple.xcode.tools.swift.compiler (in target 'PC-on-iPhone' from project 'PC-on-iPhone')
    cd /Users/runner/work/PC-on-iPhone/PC-on-iPhone
    builtin-SwiftDriver -- /Applications/Xcode_27.2_beta.app/Contents/Developer/Toolchains/XcodeDefault.xctoolchain/usr/bin/swiftc -module-name PC_on_iPhone -O -whole-module-optimization @/Users/runner/Library/Developer/Xcode/DerivedData/PC-on-iPhone-ekhnvknuyqllcabiizjfuqteckcb/Build/Intermediates.noindex/ArchiveIntermediates/PC-on-iPhone/IntermediateBuildFilesPath/PC-on-iPhone.build/Release-iphoneos/PC-on-iPhone.build/Objects-normal/arm64/PC-on-iPhone.SwiftFileList -enable-bare-slash-regex -enable-experimental-feature DebugDescriptionMacro -sdk /Applications/Xcode_27.2_beta.app/Contents/Developer/Platforms/iPhoneOS.platform/Developer/SDKs/iPhoneOS27.2.sdk -target arm64-apple-ios16.0 -g -module-cache-path /Users/runner/Library/Developer/Xcode/DerivedData/ModuleCache.noindex -Xfrontend -serialize-debugging-options -swift-version 5 -I /Users/runner/Library/Developer/Xcode/DerivedData/PC-on-iPhone-ekhnvknuyqllcabiizjfuqteckcb/Build/Intermediates.noindex/ArchiveIntermediates/PC-on-iPhone/BuildProductsPath/Release-iphoneos -F /Users/runner/Library/Developer/Xcode/DerivedData/PC-on-iPhone-ekhnvknuyqllcabiizjfuqteckcb/Build/Intermediates.noindex/ArchiveIntermediates/PC-on-iPhone/BuildProductsPath/Release-iphoneos -emit-localized-strings -emit-localized-strings-path /Users/runner/Library/Developer/Xcode/DerivedData/PC-on-iPhone-ekhnvknuyqllcabiizjfuqteckcb/Build/Intermediates.noindex/ArchiveIntermediates/PC-on-iPhone/IntermediateBuildFilesPath/PC-on-iPhone.build/Release-iphoneos/PC-on-iPhone.build/Objects-normal/arm64 -c -num-threads 3 -Xcc -ivfsstatcache -Xcc /Users/runner/Library/Developer/Xcode/DerivedData/SDKStatCaches.noindex/iphoneos27.2-24B5084k-30dfce472e1825aef24bc0e151085326.sdkstatcache -output-file-map /Users/runner/Library/Developer/Xcode/DerivedData/PC-on-iPhone-ekhnvknuyqllcabiizjfuqteckcb/Build/Intermediates.noindex/ArchiveIntermediates/PC-on-iPhone/IntermediateBuildFilesPath/PC-on-iPhone.build/Release-iphoneos/PC-on-iPhone.build/Objects-normal/arm64/PC-on-iPhone-OutputFileMap.json -save-temps -no-color-diagnostics -explicit-module-build -module-cache-path /Users/runner/Library/Developer/Xcode/DerivedData/PC-on-iPhone-ekhnvknuyqllcabiizjfuqteckcb/Build/Intermediates.noindex/ArchiveIntermediates/PC-on-iPhone/IntermediateBuildFilesPath/SwiftExplicitPrecompiledModules -clang-scanner-module-cache-path /Users/runner/Library/Developer/Xcode/DerivedData/ModuleCache.noindex -sdk-module-cache-path /Users/runner/Library/Developer/Xcode/DerivedData/SDKExplicitPrecompiledModules -emit-dependencies -emit-module -emit-module-path /Users/runner/Library/Developer/Xcode/DerivedData/PC-on-iPhone-ekhnvknuyqllcabiizjfuqteckcb/Build/Intermediates.noindex/ArchiveIntermediates/PC-on-iPhone/IntermediateBuildFilesPath/PC-on-iPhone.build/Release-iphoneos/PC-on-iPhone.build/Objects-normal/arm64/PC_on_iPhone.swiftmodule -serialize-diagnostics -dependency-scan-serialize-diagnostics-path /Users/runner/Library/Developer/Xcode/DerivedData/PC-on-iPhone-ekhnvknuyqllcabiizjfuqteckcb/Build/Intermediates.noindex/ArchiveIntermediates/PC-on-iPhone/IntermediateBuildFilesPath/PC-on-iPhone.build/Release-iphoneos/PC-on-iPhone.build/Objects-normal/arm64/PC_on_iPhone-dependency-scan.dia -validate-clang-modules-once -clang-build-session-file /Users/runner/Library/Developer/Xcode/DerivedData/ModuleCache.noindex/Session.modulevalidation -Xcc -fmodules-prune-interval\=86400 -Xcc -fmodules-prune-after\=345600 -emit-const-values -const-gather-protocols-list /Users/runner/Library/Developer/Xcode/DerivedData/PC-on-iPhone-ekhnvknuyqllcabiizjfuqteckcb/Build/Intermediates.noindex/ArchiveIntermediates/PC-on-iPhone/IntermediateBuildFilesPath/PC-on-iPhone.build/Release-iphoneos/PC-on-iPhone.build/Objects-normal/arm64/PC-on-iPhone_const_extract_protocols.json -Xcc -iquote -Xcc /Users/runner/Library/Developer/Xcode/DerivedData/PC-on-iPhone-ekhnvknuyqllcabiizjfuqteckcb/Build/Intermediates.noindex/ArchiveIntermediates/PC-on-iPhone/IntermediateBuildFilesPath/PC-on-iPhone.build/Release-iphoneos/PC-on-iPhone.build/PC-on-iPhone-generated-files.hmap -Xcc -I/Users/runner/Library/Developer/Xcode/DerivedData/PC-on-iPhone-ekhnvknuyqllcabiizjfuqteckcb/Build/Intermediates.noindex/ArchiveIntermediates/PC-on-iPhone/IntermediateBuildFilesPath/PC-on-iPhone.build/Release-iphoneos/PC-on-iPhone.build/PC-on-iPhone-own-target-headers.hmap -Xcc -I/Users/runner/Library/Developer/Xcode/DerivedData/PC-on-iPhone-ekhnvknuyqllcabiizjfuqteckcb/Build/Intermediates.noindex/ArchiveIntermediates/PC-on-iPhone/IntermediateBuildFilesPath/PC-on-iPhone.build/Release-iphoneos/PC-on-iPhone.build/PC-on-iPhone-all-target-headers.hmap -Xcc -iquote -Xcc /Users/runner/Library/Developer/Xcode/DerivedData/PC-on-iPhone-ekhnvknuyqllcabiizjfuqteckcb/Build/Intermediates.noindex/ArchiveIntermediates/PC-on-iPhone/IntermediateBuildFilesPath/PC-on-iPhone.build/Release-iphoneos/PC-on-iPhone.build/PC-on-iPhone-project-headers.hmap -Xcc -I/Users/runner/Library/Developer/Xcode/DerivedData/PC-on-iPhone-ekhnvknuyqllcabiizjfuqteckcb/Build/Intermediates.noindex/ArchiveIntermediates/PC-on-iPhone/BuildProductsPath/Release-iphoneos/include -Xcc -I/Users/runner/Library/Developer/Xcode/DerivedData/PC-on-iPhone-ekhnvknuyqllcabiizjfuqteckcb/Build/Intermediates.noindex/ArchiveIntermediates/PC-on-iPhone/IntermediateBuildFilesPath/PC-on-iPhone.build/Release-iphoneos/PC-on-iPhone.build/DerivedSources-normal/arm64 -Xcc -I/Users/runner/Library/Developer/Xcode/DerivedData/PC-on-iPhone-ekhnvknuyqllcabiizjfuqteckcb/Build/Intermediates.noindex/ArchiveIntermediates/PC-on-iPhone/IntermediateBuildFilesPath/PC-on-iPhone.build/Release-iphoneos/PC-on-iPhone.build/DerivedSources/arm64 -Xcc -I/Users/runner/Library/Developer/Xcode/DerivedData/PC-on-iPhone-ekhnvknuyqllcabiizjfuqteckcb/Build/Intermediates.noindex/ArchiveIntermediates/PC-on-iPhone/IntermediateBuildFilesPath/PC-on-iPhone.build/Release-iphoneos/PC-on-iPhone.build/DerivedSources -emit-objc-header -emit-objc-header-path /Users/runner/Library/Developer/Xcode/DerivedData/PC-on-iPhone-ekhnvknuyqllcabiizjfuqteckcb/Build/Intermediates.noindex/ArchiveIntermediates/PC-on-iPhone/IntermediateBuildFilesPath/PC-on-iPhone.build/Release-iphoneos/PC-on-iPhone.build/Objects-normal/arm64/PC_on_iPhone-Swift.h -working-directory /Users/runner/work/PC-on-iPhone/PC-on-iPhone -no-emit-module-separately-wmo

LinkAssetCatalog /Users/runner/work/PC-on-iPhone/PC-on-iPhone/PC-on-iPhone/Assets.xcassets (in target 'PC-on-iPhone' from project 'PC-on-iPhone')
    cd /Users/runner/work/PC-on-iPhone/PC-on-iPhone
    builtin-linkAssetCatalog --thinned /Users/runner/Library/Developer/Xcode/DerivedData/PC-on-iPhone-ekhnvknuyqllcabiizjfuqteckcb/Build/Intermediates.noindex/ArchiveIntermediates/PC-on-iPhone/IntermediateBuildFilesPath/PC-on-iPhone.build/Release-iphoneos/PC-on-iPhone.build/assetcatalog_output/thinned --thinned-dependencies /Users/runner/Library/Developer/Xcode/DerivedData/PC-on-iPhone-ekhnvknuyqllcabiizjfuqteckcb/Build/Intermediates.noindex/ArchiveIntermediates/PC-on-iPhone/IntermediateBuildFilesPath/PC-on-iPhone.build/Release-iphoneos/PC-on-iPhone.build/assetcatalog_dependencies_thinned --thinned-info-plist-content /Users/runner/Library/Developer/Xcode/DerivedData/PC-on-iPhone-ekhnvknuyqllcabiizjfuqteckcb/Build/Intermediates.noindex/ArchiveIntermediates/PC-on-iPhone/IntermediateBuildFilesPath/PC-on-iPhone.build/Release-iphoneos/PC-on-iPhone.build/assetcatalog_generated_info.plist_thinned --unthinned /Users/runner/Library/Developer/Xcode/DerivedData/PC-on-iPhone-ekhnvknuyqllcabiizjfuqteckcb/Build/Intermediates.noindex/ArchiveIntermediates/PC-on-iPhone/IntermediateBuildFilesPath/PC-on-iPhone.build/Release-iphoneos/PC-on-iPhone.build/assetcatalog_output/unthinned --unthinned-dependencies /Users/runner/Library/Developer/Xcode/DerivedData/PC-on-iPhone-ekhnvknuyqllcabiizjfuqteckcb/Build/Intermediates.noindex/ArchiveIntermediates/PC-on-iPhone/IntermediateBuildFilesPath/PC-on-iPhone.build/Release-iphoneos/PC-on-iPhone.build/assetcatalog_dependencies_unthinned --unthinned-info-plist-content /Users/runner/Library/Developer/Xcode/DerivedData/PC-on-iPhone-ekhnvknuyqllcabiizjfuqteckcb/Build/Intermediates.noindex/ArchiveIntermediates/PC-on-iPhone/IntermediateBuildFilesPath/PC-on-iPhone.build/Release-iphoneos/PC-on-iPhone.build/assetcatalog_generated_info.plist_unthinned --output /Users/runner/Library/Developer/Xcode/DerivedData/PC-on-iPhone-ekhnvknuyqllcabiizjfuqteckcb/Build/Intermediates.noindex/ArchiveIntermediates/PC-on-iPhone/InstallationBuildProductsLocation/Applications/PC-on-iPhone.app --plist-output /Users/runner/Library/Developer/Xcode/DerivedData/PC-on-iPhone-ekhnvknuyqllcabiizjfuqteckcb/Build/Intermediates.noindex/ArchiveIntermediates/PC-on-iPhone/IntermediateBuildFilesPath/PC-on-iPhone.build/Release-iphoneos/PC-on-iPhone.build/assetcatalog_generated_info.plist
note: Emplaced /Users/runner/Library/Developer/Xcode/DerivedData/PC-on-iPhone-ekhnvknuyqllcabiizjfuqteckcb/Build/Intermediates.noindex/ArchiveIntermediates/PC-on-iPhone/InstallationBuildProductsLocation/Applications/PC-on-iPhone.app/AppIcon60x60@2x.png (in target 'PC-on-iPhone' from project 'PC-on-iPhone')
note: Emplaced /Users/runner/Library/Developer/Xcode/DerivedData/PC-on-iPhone-ekhnvknuyqllcabiizjfuqteckcb/Build/Intermediates.noindex/ArchiveIntermediates/PC-on-iPhone/InstallationBuildProductsLocation/Applications/PC-on-iPhone.app/AppIcon76x76@2x~ipad.png (in target 'PC-on-iPhone' from project 'PC-on-iPhone')
note: Emplaced /Users/runner/Library/Developer/Xcode/DerivedData/PC-on-iPhone-ekhnvknuyqllcabiizjfuqteckcb/Build/Intermediates.noindex/ArchiveIntermediates/PC-on-iPhone/InstallationBuildProductsLocation/Applications/PC-on-iPhone.app/Assets.car (in target 'PC-on-iPhone' from project 'PC-on-iPhone')

ProcessInfoPlistFile /Users/runner/Library/Developer/Xcode/DerivedData/PC-on-iPhone-ekhnvknuyqllcabiizjfuqteckcb/Build/Intermediates.noindex/ArchiveIntermediates/PC-on-iPhone/InstallationBuildProductsLocation/Applications/PC-on-iPhone.app/Info.plist /Users/runner/work/PC-on-iPhone/PC-on-iPhone/PC-on-iPhone/Info.plist (in target 'PC-on-iPhone' from project 'PC-on-iPhone')
    cd /Users/runner/work/PC-on-iPhone/PC-on-iPhone
    builtin-infoPlistUtility /Users/runner/work/PC-on-iPhone/PC-on-iPhone/PC-on-iPhone/Info.plist -producttype com.apple.product-type.application -genpkginfo /Users/runner/Library/Developer/Xcode/DerivedData/PC-on-iPhone-ekhnvknuyqllcabiizjfuqteckcb/Build/Intermediates.noindex/ArchiveIntermediates/PC-on-iPhone/InstallationBuildProductsLocation/Applications/PC-on-iPhone.app/PkgInfo -expandbuildsettings -format binary -platform iphoneos -additionalcontentfile /Users/runner/Library/Developer/Xcode/DerivedData/PC-on-iPhone-ekhnvknuyqllcabiizjfuqteckcb/Build/Intermediates.noindex/ArchiveIntermediates/PC-on-iPhone/IntermediateBuildFilesPath/PC-on-iPhone.build/Release-iphoneos/PC-on-iPhone.build/assetcatalog_generated_info.plist -requiredArchitecture arm64 -o /Users/runner/Library/Developer/Xcode/DerivedData/PC-on-iPhone-ekhnvknuyqllcabiizjfuqteckcb/Build/Intermediates.noindex/ArchiveIntermediates/PC-on-iPhone/InstallationBuildProductsLocation/Applications/PC-on-iPhone.app/Info.plist

SwiftDriver\ Compilation PC-on-iPhone normal arm64 com.apple.xcode.tools.swift.compiler (in target 'PC-on-iPhone' from project 'PC-on-iPhone')
    cd /Users/runner/work/PC-on-iPhone/PC-on-iPhone
    builtin-Swift-Compilation -- /Applications/Xcode_27.2_beta.app/Contents/Developer/Toolchains/XcodeDefault.xctoolchain/usr/bin/swiftc -module-name PC_on_iPhone -O -whole-module-optimization @/Users/runner/Library/Developer/Xcode/DerivedData/PC-on-iPhone-ekhnvknuyqllcabiizjfuqteckcb/Build/Intermediates.noindex/ArchiveIntermediates/PC-on-iPhone/IntermediateBuildFilesPath/PC-on-iPhone.build/Release-iphoneos/PC-on-iPhone.build/Objects-normal/arm64/PC-on-iPhone.SwiftFileList -enable-bare-slash-regex -enable-experimental-feature DebugDescriptionMacro -sdk /Applications/Xcode_27.2_beta.app/Contents/Developer/Platforms/iPhoneOS.platform/Developer/SDKs/iPhoneOS27.2.sdk -target arm64-apple-ios16.0 -g -module-cache-path /Users/runner/Library/Developer/Xcode/DerivedData/ModuleCache.noindex -Xfrontend -serialize-debugging-options -swift-version 5 -I /Users/runner/Library/Developer/Xcode/DerivedData/PC-on-iPhone-ekhnvknuyqllcabiizjfuqteckcb/Build/Intermediates.noindex/ArchiveIntermediates/PC-on-iPhone/BuildProductsPath/Release-iphoneos -F /Users/runner/Library/Developer/Xcode/DerivedData/PC-on-iPhone-ekhnvknuyqllcabiizjfuqteckcb/Build/Intermediates.noindex/ArchiveIntermediates/PC-on-iPhone/BuildProductsPath/Release-iphoneos -emit-localized-strings -emit-localized-strings-path /Users/runner/Library/Developer/Xcode/DerivedData/PC-on-iPhone-ekhnvknuyqllcabiizjfuqteckcb/Build/Intermediates.noindex/ArchiveIntermediates/PC-on-iPhone/IntermediateBuildFilesPath/PC-on-iPhone.build/Release-iphoneos/PC-on-iPhone.build/Objects-normal/arm64 -c -num-threads 3 -Xcc -ivfsstatcache -Xcc /Users/runner/Library/Developer/Xcode/DerivedData/SDKStatCaches.noindex/iphoneos27.2-24B5084k-30dfce472e1825aef24bc0e151085326.sdkstatcache -output-file-map /Users/runner/Library/Developer/Xcode/DerivedData/PC-on-iPhone-ekhnvknuyqllcabiizjfuqteckcb/Build/Intermediates.noindex/ArchiveIntermediates/PC-on-iPhone/IntermediateBuildFilesPath/PC-on-iPhone.build/Release-iphoneos/PC-on-iPhone.build/Objects-normal/arm64/PC-on-iPhone-OutputFileMap.json -save-temps -no-color-diagnostics -explicit-module-build -module-cache-path /Users/runner/Library/Developer/Xcode/DerivedData/PC-on-iPhone-ekhnvknuyqllcabiizjfuqteckcb/Build/Intermediates.noindex/ArchiveIntermediates/PC-on-iPhone/IntermediateBuildFilesPath/SwiftExplicitPrecompiledModules -clang-scanner-module-cache-path /Users/runner/Library/Developer/Xcode/DerivedData/ModuleCache.noindex -sdk-module-cache-path /Users/runner/Library/Developer/Xcode/DerivedData/SDKExplicitPrecompiledModules -emit-dependencies -emit-module -emit-module-path /Users/runner/Library/Developer/Xcode/DerivedData/PC-on-iPhone-ekhnvknuyqllcabiizjfuqteckcb/Build/Intermediates.noindex/ArchiveIntermediates/PC-on-iPhone/IntermediateBuildFilesPath/PC-on-iPhone.build/Release-iphoneos/PC-on-iPhone.build/Objects-normal/arm64/PC_on_iPhone.swiftmodule -serialize-diagnostics -dependency-scan-serialize-diagnostics-path /Users/runner/Library/Developer/Xcode/DerivedData/PC-on-iPhone-ekhnvknuyqllcabiizjfuqteckcb/Build/Intermediates.noindex/ArchiveIntermediates/PC-on-iPhone/IntermediateBuildFilesPath/PC-on-iPhone.build/Release-iphoneos/PC-on-iPhone.build/Objects-normal/arm64/PC_on_iPhone-dependency-scan.dia -validate-clang-modules-once -clang-build-session-file /Users/runner/Library/Developer/Xcode/DerivedData/ModuleCache.noindex/Session.modulevalidation -Xcc -fmodules-prune-interval\=86400 -Xcc -fmodules-prune-after\=345600 -emit-const-values -const-gather-protocols-list /Users/runner/Library/Developer/Xcode/DerivedData/PC-on-iPhone-ekhnvknuyqllcabiizjfuqteckcb/Build/Intermediates.noindex/ArchiveIntermediates/PC-on-iPhone/IntermediateBuildFilesPath/PC-on-iPhone.build/Release-iphoneos/PC-on-iPhone.build/Objects-normal/arm64/PC-on-iPhone_const_extract_protocols.json -Xcc -iquote -Xcc /Users/runner/Library/Developer/Xcode/DerivedData/PC-on-iPhone-ekhnvknuyqllcabiizjfuqteckcb/Build/Intermediates.noindex/ArchiveIntermediates/PC-on-iPhone/IntermediateBuildFilesPath/PC-on-iPhone.build/Release-iphoneos/PC-on-iPhone.build/PC-on-iPhone-generated-files.hmap -Xcc -I/Users/runner/Library/Developer/Xcode/DerivedData/PC-on-iPhone-ekhnvknuyqllcabiizjfuqteckcb/Build/Intermediates.noindex/ArchiveIntermediates/PC-on-iPhone/IntermediateBuildFilesPath/PC-on-iPhone.build/Release-iphoneos/PC-on-iPhone.build/PC-on-iPhone-own-target-headers.hmap -Xcc -I/Users/runner/Library/Developer/Xcode/DerivedData/PC-on-iPhone-ekhnvknuyqllcabiizjfuqteckcb/Build/Intermediates.noindex/ArchiveIntermediates/PC-on-iPhone/IntermediateBuildFilesPath/PC-on-iPhone.build/Release-iphoneos/PC-on-iPhone.build/PC-on-iPhone-all-target-headers.hmap -Xcc -iquote -Xcc /Users/runner/Library/Developer/Xcode/DerivedData/PC-on-iPhone-ekhnvknuyqllcabiizjfuqteckcb/Build/Intermediates.noindex/ArchiveIntermediates/PC-on-iPhone/IntermediateBuildFilesPath/PC-on-iPhone.build/Release-iphoneos/PC-on-iPhone.build/PC-on-iPhone-project-headers.hmap -Xcc -I/Users/runner/Library/Developer/Xcode/DerivedData/PC-on-iPhone-ekhnvknuyqllcabiizjfuqteckcb/Build/Intermediates.noindex/ArchiveIntermediates/PC-on-iPhone/BuildProductsPath/Release-iphoneos/include -Xcc -I/Users/runner/Library/Developer/Xcode/DerivedData/PC-on-iPhone-ekhnvknuyqllcabiizjfuqteckcb/Build/Intermediates.noindex/ArchiveIntermediates/PC-on-iPhone/IntermediateBuildFilesPath/PC-on-iPhone.build/Release-iphoneos/PC-on-iPhone.build/DerivedSources-normal/arm64 -Xcc -I/Users/runner/Library/Developer/Xcode/DerivedData/PC-on-iPhone-ekhnvknuyqllcabiizjfuqteckcb/Build/Intermediates.noindex/ArchiveIntermediates/PC-on-iPhone/IntermediateBuildFilesPath/PC-on-iPhone.build/Release-iphoneos/PC-on-iPhone.build/DerivedSources/arm64 -Xcc -I/Users/runner/Library/Developer/Xcode/DerivedData/PC-on-iPhone-ekhnvknuyqllcabiizjfuqteckcb/Build/Intermediates.noindex/ArchiveIntermediates/PC-on-iPhone/IntermediateBuildFilesPath/PC-on-iPhone.build/Release-iphoneos/PC-on-iPhone.build/DerivedSources -emit-objc-header -emit-objc-header-path /Users/runner/Library/Developer/Xcode/DerivedData/PC-on-iPhone-ekhnvknuyqllcabiizjfuqteckcb/Build/Intermediates.noindex/ArchiveIntermediates/PC-on-iPhone/IntermediateBuildFilesPath/PC-on-iPhone.build/Release-iphoneos/PC-on-iPhone.build/Objects-normal/arm64/PC_on_iPhone-Swift.h -working-directory /Users/runner/work/PC-on-iPhone/PC-on-iPhone -no-emit-module-separately-wmo

SwiftExplicitDependencyGeneratePcm arm64 /Users/runner/Library/Developer/Xcode/DerivedData/SDKExplicitPrecompiledModules/_SwiftConcurrencyShims-BX6CPETFE8UKMXE9BICRB7H8F.pcm

SwiftExplicitDependencyGeneratePcm arm64 /Users/runner/Library/Developer/Xcode/DerivedData/SDKExplicitPrecompiledModules/ptrauth-8TC8552R53TBBW3HG19Y8NTXU.pcm

SwiftExplicitDependencyGeneratePcm arm64 /Users/runner/Library/Developer/Xcode/DerivedData/SDKExplicitPrecompiledModules/DeveloperToolsSupport-JLR5L9GD0O95VN71T33TTDZI.pcm

SwiftExplicitDependencyGeneratePcm arm64 /Users/runner/Library/Developer/Xcode/DerivedData/SDKExplicitPrecompiledModules/_Builtin_stdbool-ETW85F8ZJPLKNNAPX1EZMPNLV.pcm

SwiftExplicitDependencyGeneratePcm arm64 /Users/runner/Library/Developer/Xcode/DerivedData/SDKExplicitPrecompiledModules/ptrcheck-CEM0E81B76GB6Z6GVWX1G9TQ7.pcm

SwiftExplicitDependencyGeneratePcm arm64 /Users/runner/Library/Developer/Xcode/DerivedData/SDKExplicitPrecompiledModules/_AvailabilityInternal-8RHOL49PWKGB9LBNCO9U9PR4K.pcm

SwiftExplicitDependencyGeneratePcm arm64 /Users/runner/Library/Developer/Xcode/DerivedData/SDKExplicitPrecompiledModules/SwiftShims-D6XLVJTU1E1O985EP0YHB1FU.pcm

SwiftExplicitDependencyGeneratePcm arm64 /Users/runner/Library/Developer/Xcode/DerivedData/SDKExplicitPrecompiledModules/_Builtin_stddef-5ZIBFVGUTRNNW2E7RQRRZO658.pcm

SwiftExplicitDependencyGeneratePcm arm64 /Users/runner/Library/Developer/Xcode/DerivedData/SDKExplicitPrecompiledModules/_Builtin_float-1UD0B2Q4RWTYQAUXDV18XQE9W.pcm

SwiftExplicitDependencyGeneratePcm arm64 /Users/runner/Library/Developer/Xcode/DerivedData/SDKExplicitPrecompiledModules/_Builtin_stdarg-28SEFH643F2932S3J24BI0C28.pcm

SwiftExplicitDependencyGeneratePcm arm64 /Users/runner/Library/Developer/Xcode/DerivedData/SDKExplicitPrecompiledModules/_DarwinFoundation1-67FF2MCUDQSFU1PTLDF37WNRR.pcm

SwiftExplicitDependencyGeneratePcm arm64 /Users/runner/Library/Developer/Xcode/DerivedData/SDKExplicitPrecompiledModules/_DarwinFoundation2-9KZ0P42CLGUQDWZV5TWJL9KVJ.pcm

SwiftExplicitDependencyGeneratePcm arm64 /Users/runner/Library/Developer/Xcode/DerivedData/SDKExplicitPrecompiledModules/_Builtin_limits-8EHGI51XRMY6L1PZ981ZGK801.pcm

SwiftExplicitDependencyGeneratePcm arm64 /Users/runner/Library/Developer/Xcode/DerivedData/SDKExplicitPrecompiledModules/string_h-14SEBZIV26WWV4FZLCKFUTEOV.pcm

SwiftExplicitDependencyGeneratePcm arm64 /Users/runner/Library/Developer/Xcode/DerivedData/SDKExplicitPrecompiledModules/sys_types-53XCSB9CE4H3G0K9P0CK2E6FR.pcm

SwiftExplicitDependencyGeneratePcm arm64 /Users/runner/Library/Developer/Xcode/DerivedData/SDKExplicitPrecompiledModules/_Builtin_tgmath-4NBENR6R2T7BTNL2D9KLS6D7F.pcm

SwiftExplicitDependencyGeneratePcm arm64 /Users/runner/Library/Developer/Xcode/DerivedData/SDKExplicitPrecompiledModules/_Builtin_stdint-SL0SXC09KVIHE4JPG8G24LDE.pcm

SwiftExplicitDependencyGeneratePcm arm64 /Users/runner/Library/Developer/Xcode/DerivedData/SDKExplicitPrecompiledModules/_Builtin_intrinsics-4Y5V32SH9AL1NF1LKS87TM7V8.pcm

SwiftExplicitDependencyGeneratePcm arm64 /Users/runner/Library/Developer/Xcode/DerivedData/SDKExplicitPrecompiledModules/_DarwinFoundation3-BKS2H784NH4JNEDZJJKIXFGVO.pcm

SwiftExplicitDependencyGeneratePcm arm64 /Users/runner/Library/Developer/Xcode/DerivedData/SDKExplicitPrecompiledModules/_Builtin_stdatomic-6SR8LRMYXW1R184NEFRM0T6C1.pcm

SwiftExplicitDependencyGeneratePcm arm64 /Users/runner/Library/Developer/Xcode/DerivedData/SDKExplicitPrecompiledModules/_Builtin_inttypes-6DL3K35LWHCUMJASC975OWFSI.pcm

SwiftExplicitDependencyGeneratePcm arm64 /Users/runner/Library/Developer/Xcode/DerivedData/SDKExplicitPrecompiledModules/Darwin-7POI071228FZVXFPENK03HSQN.pcm

SwiftExplicitDependencyGeneratePcm arm64 /Users/runner/Library/Developer/Xcode/DerivedData/SDKExplicitPrecompiledModules/simd-6V30UZ26QLV7CEV3YZGCHSWKQ.pcm

SwiftExplicitDependencyGeneratePcm arm64 /Users/runner/Library/Developer/Xcode/DerivedData/SDKExplicitPrecompiledModules/ObjectiveC-D1SBN3X8TCBL01ZX5T28NJL8E.pcm

SwiftExplicitDependencyGeneratePcm arm64 /Users/runner/Library/Developer/Xcode/DerivedData/SDKExplicitPrecompiledModules/MachO-4S2FUPS1U69UN3LZ0SPJZI2LY.pcm

SwiftExplicitDependencyGeneratePcm arm64 /Users/runner/Library/Developer/Xcode/DerivedData/SDKExplicitPrecompiledModules/os_object-6PI4GBSF8OC4NHB9LMJF5YBSX.pcm

SwiftExplicitDependencyGeneratePcm arm64 /Users/runner/Library/Developer/Xcode/DerivedData/SDKExplicitPrecompiledModules/os_workgroup-84VPMMCQ3RQE2885JQWJ8E7MD.pcm

SwiftExplicitDependencyGeneratePcm arm64 /Users/runner/Library/Developer/Xcode/DerivedData/SDKExplicitPrecompiledModules/Dispatch-CO2LBS82MX9FNTQRUL5YDPOGV.pcm

SwiftExplicitDependencyGeneratePcm arm64 /Users/runner/Library/Developer/Xcode/DerivedData/SDKExplicitPrecompiledModules/Spatial-9UHXN5AW93FPH3AUKALYQ47NU.pcm

SwiftExplicitDependencyGeneratePcm arm64 /Users/runner/Library/Developer/Xcode/DerivedData/SDKExplicitPrecompiledModules/dnssd-251STBJERLHRBIPLNUFNL1MJC.pcm

SwiftExplicitDependencyGeneratePcm arm64 /Users/runner/Library/Developer/Xcode/DerivedData/SDKExplicitPrecompiledModules/CoreFoundation-AZBU4PG7FJVHDPISMYODBCO1I.pcm

SwiftExplicitDependencyGeneratePcm arm64 /Users/runner/Library/Developer/Xcode/DerivedData/SDKExplicitPrecompiledModules/XPC-B4S7IU1A0Q2TA14PN59CG1CJ0.pcm

SwiftExplicitDependencyGeneratePcm arm64 /Users/runner/Library/Developer/Xcode/DerivedData/SDKExplicitPrecompiledModules/os-C80I0OTK0F0Z2GL4T80Z0N3R3.pcm

SwiftExplicitDependencyGeneratePcm arm64 /Users/runner/Library/Developer/Xcode/DerivedData/SDKExplicitPrecompiledModules/CoreAudioTypes-2F7267IE4PYH4QXG29G5XRZ2Q.pcm

SwiftExplicitDependencyGeneratePcm arm64 /Users/runner/Library/Developer/Xcode/DerivedData/SDKExplicitPrecompiledModules/CoreGraphics-5W1AH97IV176WY3ZFOE4HR26O.pcm

SwiftExplicitDependencyGeneratePcm arm64 /Users/runner/Library/Developer/Xcode/DerivedData/SDKExplicitPrecompiledModules/Security-EVSWZSYRJ5DW42B8WAKRDT7W3.pcm

SwiftExplicitDependencyGeneratePcm arm64 /Users/runner/Library/Developer/Xcode/DerivedData/SDKExplicitPrecompiledModules/CoreAudio-7KQDB56IQFBFI3K6FLUKR337F.pcm

SwiftExplicitDependencyGeneratePcm arm64 /Users/runner/Library/Developer/Xcode/DerivedData/SDKExplicitPrecompiledModules/CFNetwork-ECKAH5PW4Z6R0FMV18ADRGUQ7.pcm

SwiftExplicitDependencyGeneratePcm arm64 /Users/runner/Library/Developer/Xcode/DerivedData/SDKExplicitPrecompiledModules/CoreText-4VLH5P0TIGRZ6XVJDPXLC0Y4C.pcm

SwiftExplicitDependencyGeneratePcm arm64 /Users/runner/Library/Developer/Xcode/DerivedData/SDKExplicitPrecompiledModules/ImageIO-DMKMM03YAWPRKG9K1PUQAPCTY.pcm

SwiftExplicitDependencyGeneratePcm arm64 /Users/runner/Library/Developer/Xcode/DerivedData/SDKExplicitPrecompiledModules/Foundation-9TRGCRNJ6K11BKFZBA43CHIXQ.pcm

SwiftExplicitDependencyGeneratePcm arm64 /Users/runner/Library/Developer/Xcode/DerivedData/SDKExplicitPrecompiledModules/UniformTypeIdentifiers-5TT07ARPDAHC2FREYJYUNM4TI.pcm

SwiftExplicitDependencyGeneratePcm arm64 /Users/runner/Library/Developer/Xcode/DerivedData/SDKExplicitPrecompiledModules/IOSurface-8T8KEM6PNJFGMOKOVOEG2F0I0.pcm

SwiftExplicitDependencyGeneratePcm arm64 /Users/runner/Library/Developer/Xcode/DerivedData/SDKExplicitPrecompiledModules/FileProvider-AYPU5XF8RXSGGLU4V8YX12ZIX.pcm

SwiftExplicitDependencyGeneratePcm arm64 /Users/runner/Library/Developer/Xcode/DerivedData/SDKExplicitPrecompiledModules/OSLog-IJSJFT1SH1MYP5K4BLVHC1H6.pcm

SwiftExplicitDependencyGeneratePcm arm64 /Users/runner/Library/Developer/Xcode/DerivedData/SDKExplicitPrecompiledModules/Accessibility-DD0HH38XG6OAXUQA1WO9R7AW8.pcm

SwiftExplicitDependencyGeneratePcm arm64 /Users/runner/Library/Developer/Xcode/DerivedData/SDKExplicitPrecompiledModules/DataDetection-WQVP9YKCPZFW8SGOGHGXKYUB.pcm

SwiftExplicitDependencyGeneratePcm arm64 /Users/runner/Library/Developer/Xcode/DerivedData/SDKExplicitPrecompiledModules/UserNotifications-824YDZKMEDCVXPKFCV3NFNCGL.pcm

SwiftExplicitDependencyGeneratePcm arm64 /Users/runner/Library/Developer/Xcode/DerivedData/SDKExplicitPrecompiledModules/CoreTransferable-4VE0H2X4OUVVV9GPGLJD2OWD0.pcm

SwiftExplicitDependencyGeneratePcm arm64 /Users/runner/Library/Developer/Xcode/DerivedData/SDKExplicitPrecompiledModules/CoreData-AMQUJXRDMOIS78QQTQGHNTF71.pcm

SwiftExplicitDependencyGeneratePcm arm64 /Users/runner/Library/Developer/Xcode/DerivedData/SDKExplicitPrecompiledModules/UIUtilities-8MHPM2ZFZ9BT9MWS0JLPM2EFY.pcm

SwiftExplicitDependencyGeneratePcm arm64 /Users/runner/Library/Developer/Xcode/DerivedData/SDKExplicitPrecompiledModules/Network-2WU1TIL204KUI861464N48HTH.pcm

SwiftExplicitDependencyGeneratePcm arm64 /Users/runner/Library/Developer/Xcode/DerivedData/SDKExplicitPrecompiledModules/OpenGLES-EDDWJ541QW37DWPECI4B7FXHE.pcm

SwiftExplicitDependencyGeneratePcm arm64 /Users/runner/Library/Developer/Xcode/DerivedData/SDKExplicitPrecompiledModules/Symbols-9NI09IB8PL6ZSDYNLIFA92OMV.pcm

SwiftExplicitDependencyGeneratePcm arm64 /Users/runner/Library/Developer/Xcode/DerivedData/SDKExplicitPrecompiledModules/Metal-B33OEB4YA38EYUP6SL8J4B8RA.pcm

SwiftExplicitDependencyGeneratePcm arm64 /Users/runner/Library/Developer/Xcode/DerivedData/SDKExplicitPrecompiledModules/_LocationEssentials-3QWS97XQ3T569VALMHTF284PT.pcm

SwiftExplicitDependencyGeneratePcm arm64 /Users/runner/Library/Developer/Xcode/DerivedData/SDKExplicitPrecompiledModules/CoreLocation-4UZKFTJ9CQ4O1WR8IHEF2OQHJ.pcm

SwiftExplicitDependencyGeneratePcm arm64 /Users/runner/Library/Developer/Xcode/DerivedData/SDKExplicitPrecompiledModules/CoreMotion-3ON4B1671F3BD2AHEN5WYSPJM.pcm

SwiftExplicitDependencyGeneratePcm arm64 /Users/runner/Library/Developer/Xcode/DerivedData/SDKExplicitPrecompiledModules/CoreVideo-6648YR3E6XLLY09IJDB0EICCL.pcm

SwiftExplicitDependencyGeneratePcm arm64 /Users/runner/Library/Developer/Xcode/DerivedData/SDKExplicitPrecompiledModules/QuartzCore-2NRQVFKZZJCRF6PJMZ7T309XG.pcm

SwiftExplicitDependencyGeneratePcm arm64 /Users/runner/Library/Developer/Xcode/DerivedData/SDKExplicitPrecompiledModules/CoreImage-5O4MEMCYM6WF4AQYQEY51O39F.pcm

SwiftExplicitDependencyGeneratePcm arm64 /Users/runner/Library/Developer/Xcode/DerivedData/SDKExplicitPrecompiledModules/CoreMedia-3RMHMJ88GXZB6HSRXPESJ8YU.pcm

SwiftExplicitDependencyGeneratePcm arm64 /Users/runner/Library/Developer/Xcode/DerivedData/SDKExplicitPrecompiledModules/SwiftUICore-CQUQ8UZTKI95EEYMBS0VCXGNB.pcm

SwiftExplicitDependencyGeneratePcm arm64 /Users/runner/Library/Developer/Xcode/DerivedData/SDKExplicitPrecompiledModules/UIKit-7ZFLQEWW8YIB1O52B1X17SZ6N.pcm

SwiftExplicitDependencyGeneratePcm arm64 /Users/runner/Library/Developer/Xcode/DerivedData/SDKExplicitPrecompiledModules/SwiftUI-A4SZ3NXFA4030BHR4E6S8KL9O.pcm

SwiftCompile normal arm64 Compiling\ PCOnIPhoneApp.swift,\ ContentView.swift,\ SSHConnection.swift,\ TerminalView.swift,\ GeneratedAssetSymbols.swift /Users/runner/work/PC-on-iPhone/PC-on-iPhone/PC-on-iPhone/PCOnIPhoneApp.swift /Users/runner/work/PC-on-iPhone/PC-on-iPhone/PC-on-iPhone/ContentView.swift /Users/runner/work/PC-on-iPhone/PC-on-iPhone/PC-on-iPhone/SSHConnection.swift /Users/runner/work/PC-on-iPhone/PC-on-iPhone/PC-on-iPhone/TerminalView.swift /Users/runner/Library/Developer/Xcode/DerivedData/PC-on-iPhone-ekhnvknuyqllcabiizjfuqteckcb/Build/Intermediates.noindex/ArchiveIntermediates/PC-on-iPhone/IntermediateBuildFilesPath/PC-on-iPhone.build/Release-iphoneos/PC-on-iPhone.build/DerivedSources/GeneratedAssetSymbols.swift /Applications/Xcode_27.2_beta.app/Contents/Developer/Toolchains/XcodeDefault.xctoolchain/usr/lib/swift/iphoneos/prebuilt-modules/27.2/CoreData.swiftmodule/arm64e-apple-ios.swiftmodule /Applications/Xcode_27.2_beta.app/Contents/Developer/Toolchains/XcodeDefault.xctoolchain/usr/lib/swift/iphoneos/prebuilt-modules/27.2/Foundation.swiftmodule/arm64e-apple-ios.swiftmodule /Applications/Xcode_27.2_beta.app/Contents/Developer/Toolchains/XcodeDefault.xctoolchain/usr/lib/swift/iphoneos/prebuilt-modules/27.2/Dispatch.swiftmodule/arm64e-apple-ios.swiftmodule /Applications/Xcode_27.2_beta.app/Contents/Developer/Toolchains/XcodeDefault.xctoolchain/usr/lib/swift/iphoneos/prebuilt-modules/27.2/CoreLocation.swiftmodule/arm64e-apple-ios.swiftmodule /Applications/Xcode_27.2_beta.app/Contents/Developer/Toolchains/XcodeDefault.xctoolchain/usr/lib/swift/iphoneos/prebuilt-modules/27.2/CoreVideo.swiftmodule/arm64e-apple-ios.swiftmodule /Applications/Xcode_27.2_beta.app/Contents/Developer/Toolchains/XcodeDefault.xctoolchain/usr/lib/swift/iphoneos/prebuilt-modules/27.2/Accessibility.swiftmodule/arm64e-apple-ios.swiftmodule /Applications/Xcode_27.2_beta.app/Contents/Developer/Toolchains/XcodeDefault.xctoolchain/usr/lib/swift/iphoneos/prebuilt-modules/27.2/UniformTypeIdentifiers.swiftmodule/arm64e-apple-ios.swiftmodule /Applications/Xcode_27.2_beta.app/Contents/Developer/Toolchains/XcodeDefault.xctoolchain/usr/lib/swift/iphoneos/prebuilt-modules/27.2/CoreTransferable.swiftmodule/arm64e-apple-ios.swiftmodule /Applications/Xcode_27.2_beta.app/Contents/Developer/Toolchains/XcodeDefault.xctoolchain/usr/lib/swift/iphoneos/prebuilt-modules/27.2/Observation.swiftmodule/arm64e-apple-ios.swiftmodule /Applications/Xcode_27.2_beta.app/Contents/Developer/Toolchains/XcodeDefault.xctoolchain/usr/lib/swift/iphoneos/prebuilt-modules/27.2/Network.swiftmodule/arm64e-apple-ios.swiftmodule /Applications/Xcode_27.2_beta.app/Contents/Developer/Toolchains/XcodeDefault.xctoolchain/usr/lib/swift/iphoneos/prebuilt-modules/27.2/_DarwinFoundation3.swiftmodule/arm64e-apple-ios.swiftmodule /Applications/Xcode_27.2_beta.app/Contents/Developer/Toolchains/XcodeDefault.xctoolchain/usr/lib/swift/iphoneos/prebuilt-modules/27.2/_DarwinFoundation1.swiftmodule/arm64e-apple-ios.swiftmodule /Applications/Xcode_27.2_beta.app/Contents/Developer/Toolchains/XcodeDefault.xctoolchain/usr/lib/swift/iphoneos/prebuilt-modules/27.2/simd.swiftmodule/arm64e-apple-ios.swiftmodule /Applications/Xcode_27.2_beta.app/Contents/Developer/Toolchains/XcodeDefault.xctoolchain/usr/lib/swift/iphoneos/prebuilt-modules/27.2/Combine.swiftmodule/arm64e-apple-ios.swiftmodule /Applications/Xcode_27.2_beta.app/Contents/Developer/Toolchains/XcodeDefault.xctoolchain/usr/lib/swift/iphoneos/prebuilt-modules/27.2/os.swiftmodule/arm64e-apple-ios.swiftmodule /Applications/Xcode_27.2_beta.app/Contents/Developer/Toolchains/XcodeDefault.xctoolchain/usr/lib/swift/iphoneos/prebuilt-modules/27.2/CoreImage.swiftmodule/arm64e-apple-ios.swiftmodule /Applications/Xcode_27.2_beta.app/Contents/Developer/Toolchains/XcodeDefault.xctoolchain/usr/lib/swift/iphoneos/prebuilt-modules/27.2/ObjectiveC.swiftmodule/arm64e-apple-ios.swiftmodule /Applications/Xcode_27.2_beta.app/Contents/Developer/Toolchains/XcodeDefault.xctoolchain/usr/lib/swift/iphoneos/prebuilt-modules/27.2/CoreMotion.swiftmodule/arm64e-apple-ios.swiftmodule /Applications/Xcode_27.2_beta.app/Contents/Developer/Toolchains/XcodeDefault.xctoolchain/usr/lib/swift/iphoneos/prebuilt-modules/27.2/QuartzCore.swiftmodule/arm64e-apple-ios.swiftmodule /Applications/Xcode_27.2_beta.app/Contents/Developer/Toolchains/XcodeDefault.xctoolchain/usr/lib/swift/iphoneos/prebuilt-modules/27.2/CoreText.swiftmodule/arm64e-apple-ios.swiftmodule /Applications/Xcode_27.2_beta.app/Contents/Developer/Toolchains/XcodeDefault.xctoolchain/usr/lib/swift/iphoneos/prebuilt-modules/27.2/_Builtin_float.swiftmodule/arm64e-apple-ios.swiftmodule /Applications/Xcode_27.2_beta.app/Contents/Developer/Toolchains/XcodeDefault.xctoolchain/usr/lib/swift/iphoneos/prebuilt-modules/27.2/DataDetection.swiftmodule/arm64e-apple-ios.swiftmodule /Applications/Xcode_27.2_beta.app/Contents/Developer/Toolchains/XcodeDefault.xctoolchain/usr/lib/swift/iphoneos/prebuilt-modules/27.2/_DarwinFoundation2.swiftmodule/arm64e-apple-ios.swiftmodule /Applications/Xcode_27.2_beta.app/Contents/Developer/Toolchains/XcodeDefault.xctoolchain/usr/lib/swift/iphoneos/prebuilt-modules/27.2/_Concurrency.swiftmodule/arm64e-apple-ios.swiftmodule /Applications/Xcode_27.2_beta.app/Contents/Developer/Toolchains/XcodeDefault.xctoolchain/usr/lib/swift/iphoneos/prebuilt-modules/27.2/CoreAudio.swiftmodule/arm64e-apple-ios.swiftmodule /Applications/Xcode_27.2_beta.app/Contents/Developer/Toolchains/XcodeDefault.xctoolchain/usr/lib/swift/iphoneos/prebuilt-modules/27.2/CoreFoundation.swiftmodule/arm64e-apple-ios.swiftmodule /Applications/Xcode_27.2_beta.app/Contents/Developer/Toolchains/XcodeDefault.xctoolchain/usr/lib/swift/iphoneos/prebuilt-modules/27.2/Swift.swiftmodule/arm64e-apple-ios.swiftmodule /Applications/Xcode_27.2_beta.app/Contents/Developer/Toolchains/XcodeDefault.xctoolchain/usr/lib/swift/iphoneos/prebuilt-modules/27.2/CoreMedia.swiftmodule/arm64e-apple-ios.swiftmodule /Applications/Xcode_27.2_beta.app/Contents/Developer/Toolchains/XcodeDefault.xctoolchain/usr/lib/swift/iphoneos/prebuilt-modules/27.2/System.swiftmodule/arm64e-apple-ios.swiftmodule /Applications/Xcode_27.2_beta.app/Contents/Developer/Toolchains/XcodeDefault.xctoolchain/usr/lib/swift/iphoneos/prebuilt-modules/27.2/DeveloperToolsSupport.swiftmodule/arm64e-apple-ios.swiftmodule /Applications/Xcode_27.2_beta.app/Contents/Developer/Toolchains/XcodeDefault.xctoolchain/usr/lib/swift/iphoneos/prebuilt-modules/27.2/Spatial.swiftmodule/arm64e-apple-ios.swiftmodule /Applications/Xcode_27.2_beta.app/Contents/Developer/Toolchains/XcodeDefault.xctoolchain/usr/lib/swift/iphoneos/prebuilt-modules/27.2/XPC.swiftmodule/arm64e-apple-ios.swiftmodule /Applications/Xcode_27.2_beta.app/Contents/Developer/Toolchains/XcodeDefault.xctoolchain/usr/lib/swift/iphoneos/prebuilt-modules/27.2/Symbols.swiftmodule/arm64e-apple-ios.swiftmodule /Applications/Xcode_27.2_beta.app/Contents/Developer/Toolchains/XcodeDefault.xctoolchain/usr/lib/swift/iphoneos/prebuilt-modules/27.2/SwiftUI.swiftmodule/arm64e-apple-ios.swiftmodule /Applications/Xcode_27.2_beta.app/Contents/Developer/Toolchains/XcodeDefault.xctoolchain/usr/lib/swift/iphoneos/prebuilt-modules/27.2/_StringProcessing.swiftmodule/arm64e-apple-ios.swiftmodule /Applications/Xcode_27.2_beta.app/Contents/Developer/Toolchains/XcodeDefault.xctoolchain/usr/lib/swift/iphoneos/prebuilt-modules/27.2/UIKit.swiftmodule/arm64e-apple-ios.swiftmodule /Applications/Xcode_27.2_beta.app/Contents/Developer/Toolchains/XcodeDefault.xctoolchain/usr/lib/swift/iphoneos/prebuilt-modules/27.2/CoreGraphics.swiftmodule/arm64e-apple-ios.swiftmodule /Applications/Xcode_27.2_beta.app/Contents/Developer/Toolchains/XcodeDefault.xctoolchain/usr/lib/swift/iphoneos/prebuilt-modules/27.2/OSLog.swiftmodule/arm64e-apple-ios.swiftmodule /Applications/Xcode_27.2_beta.app/Contents/Developer/Toolchains/XcodeDefault.xctoolchain/usr/lib/swift/iphoneos/prebuilt-modules/27.2/Metal.swiftmodule/arm64e-apple-ios.swiftmodule /Applications/Xcode_27.2_beta.app/Contents/Developer/Toolchains/XcodeDefault.xctoolchain/usr/lib/swift/iphoneos/prebuilt-modules/27.2/Darwin.swiftmodule/arm64e-apple-ios.swiftmodule /Applications/Xcode_27.2_beta.app/Contents/Developer/Toolchains/XcodeDefault.xctoolchain/usr/lib/swift/iphoneos/prebuilt-modules/27.2/SwiftUICore.swiftmodule/arm64e-apple-ios.swiftmodule /Applications/Xcode_27.2_beta.app/Contents/Developer/Toolchains/XcodeDefault.xctoolchain/usr/lib/swift/iphoneos/prebuilt-modules/27.2/FileProvider.swiftmodule/arm64e-apple-ios.swiftmodule /Applications/Xcode_27.2_beta.app/Contents/Developer/Toolchains/XcodeDefault.xctoolchain/usr/lib/swift/iphoneos/prebuilt-modules/27.2/Distributed.swiftmodule/arm64e-apple-ios.swiftmodule /Applications/Xcode_27.2_beta.app/Contents/Developer/Toolchains/XcodeDefault.xctoolchain/usr/lib/swift/iphoneos/prebuilt-modules/27.2/ImageIO.swiftmodule/arm64e-apple-ios.swiftmodule /Users/runner/Library/Developer/Xcode/DerivedData/SDKExplicitPrecompiledModules/CoreImage-5O4MEMCYM6WF4AQYQEY51O39F.pcm /Users/runner/Library/Developer/Xcode/DerivedData/SDKExplicitPrecompiledModules/CFNetwork-ECKAH5PW4Z6R0FMV18ADRGUQ7.pcm /Users/runner/Library/Developer/Xcode/DerivedData/SDKExplicitPrecompiledModules/Metal-B33OEB4YA38EYUP6SL8J4B8RA.pcm /Users/runner/Library/Developer/Xcode/DerivedData/SDKExplicitPrecompiledModules/simd-6V30UZ26QLV7CEV3YZGCHSWKQ.pcm /Users/runner/Library/Developer/Xcode/DerivedData/SDKExplicitPrecompiledModules/CoreAudio-7KQDB56IQFBFI3K6FLUKR337F.pcm /Users/runner/Library/Developer/Xcode/DerivedData/SDKExplicitPrecompiledModules/IOSurface-8T8KEM6PNJFGMOKOVOEG2F0I0.pcm /Users/runner/Library/Developer/Xcode/DerivedData/SDKExplicitPrecompiledModules/UserNotifications-824YDZKMEDCVXPKFCV3NFNCGL.pcm /Users/runner/Library/Developer/Xcode/DerivedData/SDKExplicitPrecompiledModules/Darwin-7POI071228FZVXFPENK03HSQN.pcm /Users/runner/Library/Developer/Xcode/DerivedData/SDKExplicitPrecompiledModules/UIUtilities-8MHPM2ZFZ9BT9MWS0JLPM2EFY.pcm /Users/runner/Library/Developer/Xcode/DerivedData/SDKExplicitPrecompiledModules/os_object-6PI4GBSF8OC4NHB9LMJF5YBSX.pcm /Users/runner/Library/Developer/Xcode/DerivedData/SDKExplicitPrecompiledModules/DataDetection-WQVP9YKCPZFW8SGOGHGXKYUB.pcm /Users/runner/Library/Developer/Xcode/DerivedData/SDKExplicitPrecompiledModules/ptrcheck-CEM0E81B76GB6Z6GVWX1G9TQ7.pcm /Users/runner/Library/Developer/Xcode/DerivedData/SDKExplicitPrecompiledModules/_AvailabilityInternal-8RHOL49PWKGB9LBNCO9U9PR4K.pcm /Users/runner/Library/Developer/Xcode/DerivedData/SDKExplicitPrecompiledModules/CoreFoundation-AZBU4PG7FJVHDPISMYODBCO1I.pcm /Users/runner/Library/Developer/Xcode/DerivedData/SDKExplicitPrecompiledModules/OpenGLES-EDDWJ541QW37DWPECI4B7FXHE.pcm /Users/runner/Library/Developer/Xcode/DerivedData/SDKExplicitPrecompiledModules/Spatial-9UHXN5AW93FPH3AUKALYQ47NU.pcm /Users/runner/Library/Developer/Xcode/DerivedData/SDKExplicitPrecompiledModules/_Builtin_tgmath-4NBENR6R2T7BTNL2D9KLS6D7F.pcm /Users/runner/Library/Developer/Xcode/DerivedData/SDKExplicitPrecompiledModules/Accessibility-DD0HH38XG6OAXUQA1WO9R7AW8.pcm /Users/runner/Library/Developer/Xcode/DerivedData/SDKExplicitPrecompiledModules/_Builtin_stdarg-28SEFH643F2932S3J24BI0C28.pcm /Users/runner/Library/Developer/Xcode/DerivedData/SDKExplicitPrecompiledModules/os_workgroup-84VPMMCQ3RQE2885JQWJ8E7MD.pcm /Users/runner/Library/Developer/Xcode/DerivedData/SDKExplicitPrecompiledModules/_Builtin_limits-8EHGI51XRMY6L1PZ981ZGK801.pcm /Users/runner/Library/Developer/Xcode/DerivedData/SDKExplicitPrecompiledModules/_Builtin_stdint-SL0SXC09KVIHE4JPG8G24LDE.pcm /Users/runner/Library/Developer/Xcode/DerivedData/SDKExplicitPrecompiledModules/_DarwinFoundation1-67FF2MCUDQSFU1PTLDF37WNRR.pcm /Users/runner/Library/Developer/Xcode/DerivedData/SDKExplicitPrecompiledModules/Foundation-9TRGCRNJ6K11BKFZBA43CHIXQ.pcm /Users/runner/Library/Developer/Xcode/DerivedData/SDKExplicitPrecompiledModules/_Builtin_inttypes-6DL3K35LWHCUMJASC975OWFSI.pcm /Users/runner/Library/Developer/Xcode/DerivedData/SDKExplicitPrecompiledModules/CoreData-AMQUJXRDMOIS78QQTQGHNTF71.pcm /Users/runner/Library/Developer/Xcode/DerivedData/SDKExplicitPrecompiledModules/Dispatch-CO2LBS82MX9FNTQRUL5YDPOGV.pcm /Users/runner/Library/Developer/Xcode/DerivedData/SDKExplicitPrecompiledModules/Security-EVSWZSYRJ5DW42B8WAKRDT7W3.pcm /Users/runner/Library/Developer/Xcode/DerivedData/SDKExplicitPrecompiledModules/_Builtin_stddef-5ZIBFVGUTRNNW2E7RQRRZO658.pcm /Users/runner/Library/Developer/Xcode/DerivedData/SDKExplicitPrecompiledModules/SwiftShims-D6XLVJTU1E1O985EP0YHB1FU.pcm /Users/runner/Library/Developer/Xcode/DerivedData/SDKExplicitPrecompiledModules/sys_types-53XCSB9CE4H3G0K9P0CK2E6FR.pcm /Users/runner/Library/Developer/Xcode/DerivedData/SDKExplicitPrecompiledModules/CoreAudioTypes-2F7267IE4PYH4QXG29G5XRZ2Q.pcm /Users/runner/Library/Developer/Xcode/DerivedData/SDKExplicitPrecompiledModules/string_h-14SEBZIV26WWV4FZLCKFUTEOV.pcm /Users/runner/Library/Developer/Xcode/DerivedData/SDKExplicitPrecompiledModules/_DarwinFoundation3-BKS2H784NH4JNEDZJJKIXFGVO.pcm /Users/runner/Library/Developer/Xcode/DerivedData/SDKExplicitPrecompiledModules/Symbols-9NI09IB8PL6ZSDYNLIFA92OMV.pcm /Users/runner/Library/Developer/Xcode/DerivedData/SDKExplicitPrecompiledModules/_Builtin_stdbool-ETW85F8ZJPLKNNAPX1EZMPNLV.pcm /Users/runner/Library/Developer/Xcode/DerivedData/SDKExplicitPrecompiledModules/ImageIO-DMKMM03YAWPRKG9K1PUQAPCTY.pcm /Users/runner/Library/Developer/Xcode/DerivedData/SDKExplicitPrecompiledModules/ObjectiveC-D1SBN3X8TCBL01ZX5T28NJL8E.pcm /Users/runner/Library/Developer/Xcode/DerivedData/SDKExplicitPrecompiledModules/XPC-B4S7IU1A0Q2TA14PN59CG1CJ0.pcm /Users/runner/Library/Developer/Xcode/DerivedData/SDKExplicitPrecompiledModules/DeveloperToolsSupport-JLR5L9GD0O95VN71T33TTDZI.pcm /Users/runner/Library/Developer/Xcode/DerivedData/SDKExplicitPrecompiledModules/_SwiftConcurrencyShims-BX6CPETFE8UKMXE9BICRB7H8F.pcm /Users/runner/Library/Developer/Xcode/DerivedData/SDKExplicitPrecompiledModules/CoreMedia-3RMHMJ88GXZB6HSRXPESJ8YU.pcm /Users/runner/Library/Developer/Xcode/DerivedData/SDKExplicitPrecompiledModules/MachO-4S2FUPS1U69UN3LZ0SPJZI2LY.pcm /Users/runner/Library/Developer/Xcode/DerivedData/SDKExplicitPrecompiledModules/CoreLocation-4UZKFTJ9CQ4O1WR8IHEF2OQHJ.pcm /Users/runner/Library/Developer/Xcode/DerivedData/SDKExplicitPrecompiledModules/_DarwinFoundation2-9KZ0P42CLGUQDWZV5TWJL9KVJ.pcm /Users/runner/Library/Developer/Xcode/DerivedData/SDKExplicitPrecompiledModules/CoreGraphics-5W1AH97IV176WY3ZFOE4HR26O.pcm /Users/runner/Library/Developer/Xcode/DerivedData/SDKExplicitPrecompiledModules/SwiftUI-A4SZ3NXFA4030BHR4E6S8KL9O.pcm /Users/runner/Library/Developer/Xcode/DerivedData/SDKExplicitPrecompiledModules/Network-2WU1TIL204KUI861464N48HTH.pcm /Users/runner/Library/Developer/Xcode/DerivedData/SDKExplicitPrecompiledModules/dnssd-251STBJERLHRBIPLNUFNL1MJC.pcm /Users/runner/Library/Developer/Xcode/DerivedData/SDKExplicitPrecompiledModules/ptrauth-8TC8552R53TBBW3HG19Y8NTXU.pcm /Users/runner/Library/Developer/Xcode/DerivedData/SDKExplicitPrecompiledModules/UniformTypeIdentifiers-5TT07ARPDAHC2FREYJYUNM4TI.pcm /Users/runner/Library/Developer/Xcode/DerivedData/SDKExplicitPrecompiledModules/OSLog-IJSJFT1SH1MYP5K4BLVHC1H6.pcm /Users/runner/Library/Developer/Xcode/DerivedData/SDKExplicitPrecompiledModules/FileProvider-AYPU5XF8RXSGGLU4V8YX12ZIX.pcm /Users/runner/Library/Developer/Xcode/DerivedData/SDKExplicitPrecompiledModules/CoreVideo-6648YR3E6XLLY09IJDB0EICCL.pcm /Users/runner/Library/Developer/Xcode/DerivedData/SDKExplicitPrecompiledModules/SwiftUICore-CQUQ8UZTKI95EEYMBS0VCXGNB.pcm /Users/runner/Library/Developer/Xcode/DerivedData/SDKExplicitPrecompiledModules/_Builtin_stdatomic-6SR8LRMYXW1R184NEFRM0T6C1.pcm /Users/runner/Library/Developer/Xcode/DerivedData/SDKExplicitPrecompiledModules/_Builtin_intrinsics-4Y5V32SH9AL1NF1LKS87TM7V8.pcm /Users/runner/Library/Developer/Xcode/DerivedData/SDKExplicitPrecompiledModules/UIKit-7ZFLQEWW8YIB1O52B1X17SZ6N.pcm /Users/runner/Library/Developer/Xcode/DerivedData/SDKExplicitPrecompiledModules/_LocationEssentials-3QWS97XQ3T569VALMHTF284PT.pcm /Users/runner/Library/Developer/Xcode/DerivedData/SDKExplicitPrecompiledModules/os-C80I0OTK0F0Z2GL4T80Z0N3R3.pcm /Users/runner/Library/Developer/Xcode/DerivedData/SDKExplicitPrecompiledModules/CoreTransferable-4VE0H2X4OUVVV9GPGLJD2OWD0.pcm /Users/runner/Library/Developer/Xcode/DerivedData/SDKExplicitPrecompiledModules/CoreText-4VLH5P0TIGRZ6XVJDPXLC0Y4C.pcm /Users/runner/Library/Developer/Xcode/DerivedData/SDKExplicitPrecompiledModules/QuartzCore-2NRQVFKZZJCRF6PJMZ7T309XG.pcm /Users/runner/Library/Developer/Xcode/DerivedData/SDKExplicitPrecompiledModules/CoreMotion-3ON4B1671F3BD2AHEN5WYSPJM.pcm /Users/runner/Library/Developer/Xcode/DerivedData/SDKExplicitPrecompiledModules/_Builtin_float-1UD0B2Q4RWTYQAUXDV18XQE9W.pcm /Users/runner/Library/Developer/Xcode/DerivedData/PC-on-iPhone-ekhnvknuyqllcabiizjfuqteckcb/Build/Intermediates.noindex/ArchiveIntermediates/PC-on-iPhone/IntermediateBuildFilesPath/PC-on-iPhone.build/Release-iphoneos/PC-on-iPhone.build/Objects-normal/arm64/PC_on_iPhone-dependencies-1.json (in target 'PC-on-iPhone' from project 'PC-on-iPhone')
/Users/runner/work/PC-on-iPhone/PC-on-iPhone/PC-on-iPhone/ContentView.swift:71:8: error: invalid redeclaration of 'TerminalView'
 69 | // MARK: - 终端（占位）
 70 | 
 71 | struct TerminalView: View {
    |        `- error: invalid redeclaration of 'TerminalView'
 72 |     var body: some View {
 73 |         NavigationStack {

/Users/runner/work/PC-on-iPhone/PC-on-iPhone/PC-on-iPhone/SSHConnection.swift:67:14: warning: instance method 'lock' is unavailable from asynchronous contexts; Use async-safe scoped locking instead; this is an error in the Swift 6 language mode
 65 |         let conn = NWConnection(to: endpoint, using: .tcp)
 66 | 
 67 |         lock.lock()
    |              `- warning: instance method 'lock' is unavailable from asynchronous contexts; Use async-safe scoped locking instead; this is an error in the Swift 6 language mode
 68 |         connection = conn
 69 |         hasResumed = false

/Applications/Xcode_27.2_beta.app/Contents/Developer/Platforms/iPhoneOS.platform/Developer/SDKs/iPhoneOS27.2.sdk/System/Library/Frameworks/Foundation.framework/Headers/NSLock.h:15:1: note: 'lock()' declared here
 13 | 
 14 | /// Attempts to acquire a lock, blocking a thread's execution until the lock can be acquired.
 15 | - (void)lock NS_SWIFT_UNAVAILABLE_FROM_ASYNC("Use async-safe scoped locking instead");
    | `- note: 'lock()' declared here
 16 | 
 17 | /// Relinquishes a previously acquired lock.

/Users/runner/work/PC-on-iPhone/PC-on-iPhone/PC-on-iPhone/SSHConnection.swift:70:14: warning: instance method 'unlock' is unavailable from asynchronous contexts; Use async-safe scoped locking instead; this is an error in the Swift 6 language mode
 68 |         connection = conn
 69 |         hasResumed = false
 70 |         lock.unlock()
    |              `- warning: instance method 'unlock' is unavailable from asynchronous contexts; Use async-safe scoped locking instead; this is an error in the Swift 6 language mode
 71 | 
 72 |         defer {

/Applications/Xcode_27.2_beta.app/Contents/Developer/Platforms/iPhoneOS.platform/Developer/SDKs/iPhoneOS27.2.sdk/System/Library/Frameworks/Foundation.framework/Headers/NSLock.h:18:1: note: 'unlock()' declared here
 16 | 
 17 | /// Relinquishes a previously acquired lock.
 18 | - (void)unlock NS_SWIFT_UNAVAILABLE_FROM_ASYNC("Use async-safe scoped locking instead");
    | `- note: 'unlock()' declared here
 19 | 
 20 | @end

/Users/runner/work/PC-on-iPhone/PC-on-iPhone/PC-on-iPhone/SSHConnection.swift:74:18: warning: instance method 'lock' is unavailable from asynchronous contexts; Use async-safe scoped locking instead; this is an error in the Swift 6 language mode
 72 |         defer {
 73 |             conn.cancel()
 74 |             lock.lock()
    |                  `- warning: instance method 'lock' is unavailable from asynchronous contexts; Use async-safe scoped locking instead; this is an error in the Swift 6 language mode
 75 |             connection = nil
 76 |             lock.unlock()

/Applications/Xcode_27.2_beta.app/Contents/Developer/Platforms/iPhoneOS.platform/Developer/SDKs/iPhoneOS27.2.sdk/System/Library/Frameworks/Foundation.framework/Headers/NSLock.h:15:1: note: 'lock()' declared here
 13 | 
 14 | /// Attempts to acquire a lock, blocking a thread's execution until the lock can be acquired.
 15 | - (void)lock NS_SWIFT_UNAVAILABLE_FROM_ASYNC("Use async-safe scoped locking instead");
    | `- note: 'lock()' declared here
 16 | 
 17 | /// Relinquishes a previously acquired lock.

/Users/runner/work/PC-on-iPhone/PC-on-iPhone/PC-on-iPhone/SSHConnection.swift:76:18: warning: instance method 'unlock' is unavailable from asynchronous contexts; Use async-safe scoped locking instead; this is an error in the Swift 6 language mode
 74 |             lock.lock()
 75 |             connection = nil
 76 |             lock.unlock()
    |                  `- warning: instance method 'unlock' is unavailable from asynchronous contexts; Use async-safe scoped locking instead; this is an error in the Swift 6 language mode
 77 |         }
 78 | 

/Applications/Xcode_27.2_beta.app/Contents/Developer/Platforms/iPhoneOS.platform/Developer/SDKs/iPhoneOS27.2.sdk/System/Library/Frameworks/Foundation.framework/Headers/NSLock.h:18:1: note: 'unlock()' declared here
 16 | 
 17 | /// Relinquishes a previously acquired lock.
 18 | - (void)unlock NS_SWIFT_UNAVAILABLE_FROM_ASYNC("Use async-safe scoped locking instead");
    | `- note: 'unlock()' declared here
 19 | 
 20 | @end

/Users/runner/work/PC-on-iPhone/PC-on-iPhone/PC-on-iPhone/SSHConnection.swift:81:26: error: cannot assign value of type 'CheckedContinuation<String, any Error>' to type 'CheckedContinuation<ProbeResult, any Error>'
 79 |         let banner = try await withCheckedThrowingContinuation { (cont: CheckedContinuation<String, Error>) in
 80 |             lock.lock()
 81 |             continuation = cont
    |                          |- error: cannot assign value of type 'CheckedContinuation<String, any Error>' to type 'CheckedContinuation<ProbeResult, any Error>'
    |                          `- note: arguments to generic parameter 'T' ('String' and 'ProbeResult') are expected to be equal
 82 |             lock.unlock()
 83 | 

/Users/runner/work/PC-on-iPhone/PC-on-iPhone/PC-on-iPhone/SSHConnection.swift:126:27: error: cannot convert value of type 'Result<String, any Error>' to expected argument type 'Result<ProbeResult, any Error>'
124 |         lock.unlock()
125 | 
126 |         cont.resume(with: result)
    |                           |- error: cannot convert value of type 'Result<String, any Error>' to expected argument type 'Result<ProbeResult, any Error>'
    |                           `- note: arguments to generic parameter 'Success' ('String' and 'ProbeResult') are expected to be equal
127 |     }
128 | 
Failed frontend command:

SwiftCompile normal arm64 (in target 'PC-on-iPhone' from project 'PC-on-iPhone')
    cd /Users/runner/work/PC-on-iPhone/PC-on-iPhone
    

/Applications/Xcode_27.2_beta.app/Contents/Developer/Toolchains/XcodeDefault.xctoolchain/usr/bin/swift-frontend -frontend -c /Users/runner/work/PC-on-iPhone/PC-on-iPhone/PC-on-iPhone/PCOnIPhoneApp.swift /Users/runner/work/PC-on-iPhone/PC-on-iPhone/PC-on-iPhone/ContentView.swift /Users/runner/work/PC-on-iPhone/PC-on-iPhone/PC-on-iPhone/SSHConnection.swift /Users/runner/work/PC-on-iPhone/PC-on-iPhone/PC-on-iPhone/TerminalView.swift /Users/runner/Library/Developer/Xcode/DerivedData/PC-on-iPhone-ekhnvknuyqllcabiizjfuqteckcb/Build/Intermediates.noindex/ArchiveIntermediates/PC-on-iPhone/IntermediateBuildFilesPath/PC-on-iPhone.build/Release-iphoneos/PC-on-iPhone.build/DerivedSources/GeneratedAssetSymbols.swift -supplementary-output-file-map /Users/runner/Library/Developer/Xcode/DerivedData/PC-on-iPhone-ekhnvknuyqllcabiizjfuqteckcb/Build/Intermediates.noindex/ArchiveIntermediates/PC-on-iPhone/IntermediateBuildFilesPath/PC-on-iPhone.build/Release-iphoneos/PC-on-iPhone.build/Objects-normal/arm64/supplementaryOutputs-1 -emit-localized-strings -emit-localized-strings-path /Users/runner/Library/Developer/Xcode/DerivedData/PC-on-iPhone-ekhnvknuyqllcabiizjfuqteckcb/Build/Intermediates.noindex/ArchiveIntermediates/PC-on-iPhone/IntermediateBuildFilesPath/PC-on-iPhone.build/Release-iphoneos/PC-on-iPhone.build/Objects-normal/arm64 -target arm64-apple-ios16.0 -module-can-import-version DeveloperToolsSupport 24.0.24 24.0.24 -module-can-import-version SwiftUI 8.1.6.1 8.1.6 -module-can-import-version UIKit 9127.1.6.1 9127.1.6 -disable-cross-import-overlay-search -load-resolved-plugin /Applications/Xcode_27.2_beta.app/Contents/Developer/Platforms/iPhoneOS.platform/Developer/usr/lib/swift/host/plugins/libFoundationMacros.dylib\#/Applications/Xcode_27.2_beta.app/Contents/Developer/Platforms/iPhoneOS.platform/Developer/usr/bin/swift-plugin-server\#FoundationMacros -load-resolved-plugin /Applications/Xcode_27.2_beta.app/Contents/Developer/Platforms/iPhoneOS.platform/Developer/usr/lib/swift/host/plugins/libObservationMacros.dylib\#/Applications/Xcode_27.2_beta.app/Contents/Developer/Platforms/iPhoneOS.platform/Developer/usr/bin/swift-plugin-server\#ObservationMacros -load-resolved-plugin /Applications/Xcode_27.2_beta.app/Contents/Developer/Platforms/iPhoneOS.platform/Developer/usr/lib/swift/host/plugins/libPreviewsMacros.dylib\#/Applications/Xcode_27.2_beta.app/Contents/Developer/Platforms/iPhoneOS.platform/Developer/usr/bin/swift-plugin-server\#PreviewsMacros -load-resolved-plugin /Applications/Xcode_27.2_beta.app/Contents/Developer/Platforms/iPhoneOS.platform/Developer/usr/lib/swift/host/plugins/libSwiftMacros.dylib\#/Applications/Xcode_27.2_beta.app/Contents/Developer/Platforms/iPhoneOS.platform/Developer/usr/bin/swift-plugin-server\#SwiftMacros -load-resolved-plugin /Applications/Xcode_27.2_beta.app/Contents/Developer/Platforms/iPhoneOS.platform/Developer/usr/lib/swift/host/plugins/libSwiftUIMacros.dylib\#/Applications/Xcode_27.2_beta.app/Contents/Developer/Platforms/iPhoneOS.platform/Developer/usr/bin/swift-plugin-server\#SwiftUIMacros -disable-implicit-swift-modules -Xcc -fno-implicit-modules -Xcc -fno-implicit-module-maps -explicit-swift-module-map-file /Users/runner/Library/Developer/Xcode/DerivedData/PC-on-iPhone-ekhnvknuyqllcabiizjfuqteckcb/Build/Intermediates.noindex/ArchiveIntermediates/PC-on-iPhone/IntermediateBuildFilesPath/PC-on-iPhone.build/Release-iphoneos/PC-on-iPhone.build/Objects-normal/arm64/PC_on_iPhone-dependencies-1.json -Xllvm -aarch64-use-tbi -enable-objc-interop -stack-check -sdk /Applications/Xcode_27.2_beta.app/Contents/Developer/Platforms/iPhoneOS.platform/Developer/SDKs/iPhoneOS27.2.sdk -I /Users/runner/Library/Developer/Xcode/DerivedData/PC-on-iPhone-ekhnvknuyqllcabiizjfuqteckcb/Build/Intermediates.noindex/ArchiveIntermediates/PC-on-iPhone/BuildProductsPath/Release-iphoneos -F /Users/runner/Library/Developer/Xcode/DerivedData/PC-on-iPhone-ekhnvknuyqllcabiizjfuqteckcb/Build/Intermediates.noindex/ArchiveIntermediates/PC-on-iPhone/BuildProductsPath/Release-iphoneos -module-cache-path /Users/runner/Library/Developer/Xcode/DerivedData/PC-on-iPhone-ekhnvknuyqllcabiizjfuqteckcb/Build/Intermediates.noindex/ArchiveIntermediates/PC-on-iPhone/IntermediateBuildFilesPath/SwiftExplicitPrecompiledModules -no-color-diagnostics -Xcc -fno-color-diagnostics -g -debug-info-format\=dwarf -dwarf-version\=4 -swift-version 5 -O -serialize-debugging-options -enable-experimental-feature DebugDescriptionMacro -enable-bare-slash-regex -empty-abi-descriptor -validate-clang-modules-once -clang-build-session-file /Users/runner/Library/Developer/Xcode/DerivedData/ModuleCache.noindex/Session.modulevalidation -Xcc -working-directory -Xcc /Users/runner/work/PC-on-iPhone/PC-on-iPhone -file-compilation-dir /Users/runner/work/PC-on-iPhone/PC-on-iPhone -Xcc -ivfsstatcache -Xcc /Users/runner/Library/Developer/Xcode/DerivedData/SDKStatCaches.noindex/iphoneos27.2-24B5084k-30dfce472e1825aef24bc0e151085326.sdkstatcache -Xcc -fmodules-prune-interval\=86400 -Xcc -fmodules-prune-after\=345600 -Xcc -iquote -Xcc /Users/runner/Library/Developer/Xcode/DerivedData/PC-on-iPhone-ekhnvknuyqllcabiizjfuqteckcb/Build/Intermediates.noindex/ArchiveIntermediates/PC-on-iPhone/IntermediateBuildFilesPath/PC-on-iPhone.build/Release-iphoneos/PC-on-iPhone.build/PC-on-iPhone-generated-files.hmap -Xcc -I/Users/runner/Library/Developer/Xcode/DerivedData/PC-on-iPhone-ekhnvknuyqllcabiizjfuqteckcb/Build/Intermediates.noindex/ArchiveIntermediates/PC-on-iPhone/IntermediateBuildFilesPath/PC-on-iPhone.build/Release-iphoneos/PC-on-iPhone.build/PC-on-iPhone-own-target-headers.hmap -Xcc -I/Users/runner/Library/Developer/Xcode/DerivedData/PC-on-iPhone-ekhnvknuyqllcabiizjfuqteckcb/Build/Intermediates.noindex/ArchiveIntermediates/PC-on-iPhone/IntermediateBuildFilesPath/PC-on-iPhone.build/Release-iphoneos/PC-on-iPhone.build/PC-on-iPhone-all-target-headers.hmap -Xcc -iquote -Xcc /Users/runner/Library/Developer/Xcode/DerivedData/PC-on-iPhone-ekhnvknuyqllcabiizjfuqteckcb/Build/Intermediates.noindex/ArchiveIntermediates/PC-on-iPhone/IntermediateBuildFilesPath/PC-on-iPhone.build/Release-iphoneos/PC-on-iPhone.build/PC-on-iPhone-project-headers.hmap -Xcc -I/Users/runner/Library/Developer/Xcode/DerivedData/PC-on-iPhone-ekhnvknuyqllcabiizjfuqteckcb/Build/Intermediates.noindex/ArchiveIntermediates/PC-on-iPhone/BuildProductsPath/Release-iphoneos/include -Xcc -I/Users/runner/Library/Developer/Xcode/DerivedData/PC-on-iPhone-ekhnvknuyqllcabiizjfuqteckcb/Build/Intermediates.noindex/ArchiveIntermediates/PC-on-iPhone/IntermediateBuildFilesPath/PC-on-iPhone.build/Release-iphoneos/PC-on-iPhone.build/DerivedSources-normal/arm64 -Xcc -I/Users/runner/Library/Developer/Xcode/DerivedData/PC-on-iPhone-ekhnvknuyqllcabiizjfuqteckcb/Build/Intermediates.noindex/ArchiveIntermediates/PC-on-iPhone/IntermediateBuildFilesPath/PC-on-iPhone.build/Release-iphoneos/PC-on-iPhone.build/DerivedSources/arm64 -Xcc -I/Users/runner/Library/Developer/Xcode/DerivedData/PC-on-iPhone-ekhnvknuyqllcabiizjfuqteckcb/Build/Intermediates.noindex/ArchiveIntermediates/PC-on-iPhone/IntermediateBuildFilesPath/PC-on-iPhone.build/Release-iphoneos/PC-on-iPhone.build/DerivedSources -no-auto-bridging-header-chaining -module-name PC_on_iPhone -const-gather-protocols-file /Users/runner/Library/Developer/Xcode/DerivedData/PC-on-iPhone-ekhnvknuyqllcabiizjfuqteckcb/Build/Intermediates.noindex/ArchiveIntermediates/PC-on-iPhone/IntermediateBuildFilesPath/PC-on-iPhone.build/Release-iphoneos/PC-on-iPhone.build/Objects-normal/arm64/PC-on-iPhone_const_extract_protocols.json -disable-clang-spi -clang-target arm64-apple-ios27.2 -target-sdk-version 27.2 -target-sdk-name iphoneos27.2 -in-process-plugin-server-path /Applications/Xcode_27.2_beta.app/Contents/Developer/Toolchains/XcodeDefault.xctoolchain/usr/lib/swift/host/libSwiftInProcPluginServer.dylib -enable-default-cmo -num-threads 3 -o /Users/runner/Library/Developer/Xcode/DerivedData/PC-on-iPhone-ekhnvknuyqllcabiizjfuqteckcb/Build/Intermediates.noindex/ArchiveIntermediates/PC-on-iPhone/IntermediateBuildFilesPath/PC-on-iPhone.build/Release-iphoneos/PC-on-iPhone.build/Objects-normal/arm64/PCOnIPhoneApp.o -o /Users/runner/Library/Developer/Xcode/DerivedData/PC-on-iPhone-ekhnvknuyqllcabiizjfuqteckcb/Build/Intermediates.noindex/ArchiveIntermediates/PC-on-iPhone/IntermediateBuildFilesPath/PC-on-iPhone.build/Release-iphoneos/PC-on-iPhone.build/Objects-normal/arm64/ContentView.o -o /Users/runner/Library/Developer/Xcode/DerivedData/PC-on-iPhone-ekhnvknuyqllcabiizjfuqteckcb/Build/Intermediates.noindex/ArchiveIntermediates/PC-on-iPhone/IntermediateBuildFilesPath/PC-on-iPhone.build/Release-iphoneos/PC-on-iPhone.build/Objects-normal/arm64/SSHConnection.o -o /Users/runner/Library/Developer/Xcode/DerivedData/PC-on-iPhone-ekhnvknuyqllcabiizjfuqteckcb/Build/Intermediates.noindex/ArchiveIntermediates/PC-on-iPhone/IntermediateBuildFilesPath/PC-on-iPhone.build/Release-iphoneos/PC-on-iPhone.build/Objects-normal/arm64/TerminalView.o -o /Users/runner/Library/Developer/Xcode/DerivedData/PC-on-iPhone-ekhnvknuyqllcabiizjfuqteckcb/Build/Intermediates.noindex/ArchiveIntermediates/PC-on-iPhone/IntermediateBuildFilesPath/PC-on-iPhone.build/Release-iphoneos/PC-on-iPhone.build/Objects-normal/arm64/GeneratedAssetSymbols.o -debug-module-path /Users/runner/Library/Developer/Xcode/DerivedData/PC-on-iPhone-ekhnvknuyqllcabiizjfuqteckcb/Build/Intermediates.noindex/ArchiveIntermediates/PC-on-iPhone/IntermediateBuildFilesPath/PC-on-iPhone.build/Release-iphoneos/PC-on-iPhone.build/Objects-normal/arm64/PC_on_iPhone.swiftmodule -index-unit-output-path /PC-on-iPhone.build/Release-iphoneos/PC-on-iPhone.build/Objects-normal/arm64/PCOnIPhoneApp.o -index-unit-output-path /PC-on-iPhone.build/Release-iphoneos/PC-on-iPhone.build/Objects-normal/arm64/ContentView.o -index-unit-output-path /PC-on-iPhone.build/Release-iphoneos/PC-on-iPhone.build/Objects-normal/arm64/SSHConnection.o -index-unit-output-path /PC-on-iPhone.build/Release-iphoneos/PC-on-iPhone.build/Objects-normal/arm64/TerminalView.o -index-unit-output-path /PC-on-iPhone.build/Release-iphoneos/PC-on-iPhone.build/Objects-normal/arm64/GeneratedAssetSymbols.o
PruneExplicitPrecompiledModules /Users/runner/Library/Developer/Xcode/DerivedData/PC-on-iPhone-ekhnvknuyqllcabiizjfuqteckcb/Build/Intermediates.noindex/ArchiveIntermediates/PC-on-iPhone/IntermediateBuildFilesPath/SwiftExplicitPrecompiledModules

PruneExplicitPrecompiledModules /Users/runner/Library/Developer/Xcode/DerivedData/SDKExplicitPrecompiledModules

PruneExplicitPrecompiledModules /Users/runner/Library/Developer/Xcode/DerivedData/PC-on-iPhone-ekhnvknuyqllcabiizjfuqteckcb/Build/Intermediates.noindex/ArchiveIntermediates/PC-on-iPhone/IntermediateBuildFilesPath/ExplicitPrecompiledModules

** ARCHIVE FAILED **


The following build commands failed:
	SwiftCompile normal arm64 (in target 'PC-on-iPhone' from project 'PC-on-iPhone')
	SwiftCompile normal arm64 Compiling\ PCOnIPhoneApp.swift,\ ContentView.swift,\ SSHConnection.swift,\ TerminalView.swift,\ GeneratedAssetSymbols.swift /Users/runner/work/PC-on-iPhone/PC-on-iPhone/PC-on-iPhone/PCOnIPhoneApp.swift /Users/runner/work/PC-on-iPhone/PC-on-iPhone/PC-on-iPhone/ContentView.swift /Users/runner/work/PC-on-iPhone/PC-on-iPhone/PC-on-iPhone/SSHConnection.swift /Users/runner/work/PC-on-iPhone/PC-on-iPhone/PC-on-iPhone/TerminalView.swift /Users/runner/Library/Developer/Xcode/DerivedData/PC-on-iPhone-ekhnvknuyqllcabiizjfuqteckcb/Build/Intermediates.noindex/ArchiveIntermediates/PC-on-iPhone/IntermediateBuildFilesPath/PC-on-iPhone.build/Release-iphoneos/PC-on-iPhone.build/DerivedSources/GeneratedAssetSymbols.swift /Applications/Xcode_27.2_beta.app/Contents/Developer/Toolchains/XcodeDefault.xctoolchain/usr/lib/swift/iphoneos/prebuilt-modules/27.2/CoreData.swiftmodule/arm64e-apple-ios.swiftmodule /Applications/Xcode_27.2_beta.app/Contents/Developer/Toolchains/XcodeDefault.xctoolchain/usr/lib/swift/iphoneos/prebuilt-modules/27.2/Foundation.swiftmodule/arm64e-apple-ios.swiftmodule /Applications/Xcode_27.2_beta.app/Contents/Developer/Toolchains/XcodeDefault.xctoolchain/usr/lib/swift/iphoneos/prebuilt-modules/27.2/Dispatch.swiftmodule/arm64e-apple-ios.swiftmodule /Applications/Xcode_27.2_beta.app/Contents/Developer/Toolchains/XcodeDefault.xctoolchain/usr/lib/swift/iphoneos/prebuilt-modules/27.2/CoreLocation.swiftmodule/arm64e-apple-ios.swiftmodule /Applications/Xcode_27.2_beta.app/Contents/Developer/Toolchains/XcodeDefault.xctoolchain/usr/lib/swift/iphoneos/prebuilt-modules/27.2/CoreVideo.swiftmodule/arm64e-apple-ios.swiftmodule /Applications/Xcode_27.2_beta.app/Contents/Developer/Toolchains/XcodeDefault.xctoolchain/usr/lib/swift/iphoneos/prebuilt-modules/27.2/Accessibility.swiftmodule/arm64e-apple-ios.swiftmodule /Applications/Xcode_27.2_beta.app/Contents/Developer/Toolchains/XcodeDefault.xctoolchain/usr/lib/swift/iphoneos/prebuilt-modules/27.2/UniformTypeIdentifiers.swiftmodule/arm64e-apple-ios.swiftmodule /Applications/Xcode_27.2_beta.app/Contents/Developer/Toolchains/XcodeDefault.xctoolchain/usr/lib/swift/iphoneos/prebuilt-modules/27.2/CoreTransferable.swiftmodule/arm64e-apple-ios.swiftmodule /Applications/Xcode_27.2_beta.app/Contents/Developer/Toolchains/XcodeDefault.xctoolchain/usr/lib/swift/iphoneos/prebuilt-modules/27.2/Observation.swiftmodule/arm64e-apple-ios.swiftmodule /Applications/Xcode_27.2_beta.app/Contents/Developer/Toolchains/XcodeDefault.xctoolchain/usr/lib/swift/iphoneos/prebuilt-modules/27.2/Network.swiftmodule/arm64e-apple-ios.swiftmodule /Applications/Xcode_27.2_beta.app/Contents/Developer/Toolchains/XcodeDefault.xctoolchain/usr/lib/swift/iphoneos/prebuilt-modules/27.2/_DarwinFoundation3.swiftmodule/arm64e-apple-ios.swiftmodule /Applications/Xcode_27.2_beta.app/Contents/Developer/Toolchains/XcodeDefault.xctoolchain/usr/lib/swift/iphoneos/prebuilt-modules/27.2/_DarwinFoundation1.swiftmodule/arm64e-apple-ios.swiftmodule /Applications/Xcode_27.2_beta.app/Contents/Developer/Toolchains/XcodeDefault.xctoolchain/usr/lib/swift/iphoneos/prebuilt-modules/27.2/simd.swiftmodule/arm64e-apple-ios.swiftmodule /Applications/Xcode_27.2_beta.app/Contents/Developer/Toolchains/XcodeDefault.xctoolchain/usr/lib/swift/iphoneos/prebuilt-modules/27.2/Combine.swiftmodule/arm64e-apple-ios.swiftmodule /Applications/Xcode_27.2_beta.app/Contents/Developer/Toolchains/XcodeDefault.xctoolchain/usr/lib/swift/iphoneos/prebuilt-modules/27.2/os.swiftmodule/arm64e-apple-ios.swiftmodule /Applications/Xcode_27.2_beta.app/Contents/Developer/Toolchains/XcodeDefault.xctoolchain/usr/lib/swift/iphoneos/prebuilt-modules/27.2/CoreImage.swiftmodule/arm64e-apple-ios.swiftmodule /Applications/Xcode_27.2_beta.app/Contents/Developer/Toolchains/XcodeDefault.xctoolchain/usr/lib/swift/iphoneos/prebuilt-modules/27.2/ObjectiveC.swiftmodule/arm64e-apple-ios.swiftmodule /Applications/Xcode_27.2_beta.app/Contents/Developer/Toolchains/XcodeDefault.xctoolchain/usr/lib/swift/iphoneos/prebuilt-modules/27.2/CoreMotion.swiftmodule/arm64e-apple-ios.swiftmodule /Applications/Xcode_27.2_beta.app/Contents/Developer/Toolchains/XcodeDefault.xctoolchain/usr/lib/swift/iphoneos/prebuilt-modules/27.2/QuartzCore.swiftmodule/arm64e-apple-ios.swiftmodule /Applications/Xcode_27.2_beta.app/Contents/Developer/Toolchains/XcodeDefault.xctoolchain/usr/lib/swift/iphoneos/prebuilt-modules/27.2/CoreText.swiftmodule/arm64e-apple-ios.swiftmodule /Applications/Xcode_27.2_beta.app/Contents/Developer/Toolchains/XcodeDefault.xctoolchain/usr/lib/swift/iphoneos/prebuilt-modules/27.2/_Builtin_float.swiftmodule/arm64e-apple-ios.swiftmodule /Applications/Xcode_27.2_beta.app/Contents/Developer/Toolchains/XcodeDefault.xctoolchain/usr/lib/swift/iphoneos/prebuilt-modules/27.2/DataDetection.swiftmodule/arm64e-apple-ios.swiftmodule /Applications/Xcode_27.2_beta.app/Contents/Developer/Toolchains/XcodeDefault.xctoolchain/usr/lib/swift/iphoneos/prebuilt-modules/27.2/_DarwinFoundation2.swiftmodule/arm64e-apple-ios.swiftmodule /Applications/Xcode_27.2_beta.app/Contents/Developer/Toolchains/XcodeDefault.xctoolchain/usr/lib/swift/iphoneos/prebuilt-modules/27.2/_Concurrency.swiftmodule/arm64e-apple-ios.swiftmodule /Applications/Xcode_27.2_beta.app/Contents/Developer/Toolchains/XcodeDefault.xctoolchain/usr/lib/swift/iphoneos/prebuilt-modules/27.2/CoreAudio.swiftmodule/arm64e-apple-ios.swiftmodule /Applications/Xcode_27.2_beta.app/Contents/Developer/Toolchains/XcodeDefault.xctoolchain/usr/lib/swift/iphoneos/prebuilt-modules/27.2/CoreFoundation.swiftmodule/arm64e-apple-ios.swiftmodule /Applications/Xcode_27.2_beta.app/Contents/Developer/Toolchains/XcodeDefault.xctoolchain/usr/lib/swift/iphoneos/prebuilt-modules/27.2/Swift.swiftmodule/arm64e-apple-ios.swiftmodule /Applications/Xcode_27.2_beta.app/Contents/Developer/Toolchains/XcodeDefault.xctoolchain/usr/lib/swift/iphoneos/prebuilt-modules/27.2/CoreMedia.swiftmodule/arm64e-apple-ios.swiftmodule /Applications/Xcode_27.2_beta.app/Contents/Developer/Toolchains/XcodeDefault.xctoolchain/usr/lib/swift/iphoneos/prebuilt-modules/27.2/System.swiftmodule/arm64e-apple-ios.swiftmodule /Applications/Xcode_27.2_beta.app/Contents/Developer/Toolchains/XcodeDefault.xctoolchain/usr/lib/swift/iphoneos/prebuilt-modules/27.2/DeveloperToolsSupport.swiftmodule/arm64e-apple-ios.swiftmodule /Applications/Xcode_27.2_beta.app/Contents/Developer/Toolchains/XcodeDefault.xctoolchain/usr/lib/swift/iphoneos/prebuilt-modules/27.2/Spatial.swiftmodule/arm64e-apple-ios.swiftmodule /Applications/Xcode_27.2_beta.app/Contents/Developer/Toolchains/XcodeDefault.xctoolchain/usr/lib/swift/iphoneos/prebuilt-modules/27.2/XPC.swiftmodule/arm64e-apple-ios.swiftmodule /Applications/Xcode_27.2_beta.app/Contents/Developer/Toolchains/XcodeDefault.xctoolchain/usr/lib/swift/iphoneos/prebuilt-modules/27.2/Symbols.swiftmodule/arm64e-apple-ios.swiftmodule /Applications/Xcode_27.2_beta.app/Contents/Developer/Toolchains/XcodeDefault.xctoolchain/usr/lib/swift/iphoneos/prebuilt-modules/27.2/SwiftUI.swiftmodule/arm64e-apple-ios.swiftmodule /Applications/Xcode_27.2_beta.app/Contents/Developer/Toolchains/XcodeDefault.xctoolchain/usr/lib/swift/iphoneos/prebuilt-modules/27.2/_StringProcessing.swiftmodule/arm64e-apple-ios.swiftmodule /Applications/Xcode_27.2_beta.app/Contents/Developer/Toolchains/XcodeDefault.xctoolchain/usr/lib/swift/iphoneos/prebuilt-modules/27.2/UIKit.swiftmodule/arm64e-apple-ios.swiftmodule /Applications/Xcode_27.2_beta.app/Contents/Developer/Toolchains/XcodeDefault.xctoolchain/usr/lib/swift/iphoneos/prebuilt-modules/27.2/CoreGraphics.swiftmodule/arm64e-apple-ios.swiftmodule /Applications/Xcode_27.2_beta.app/Contents/Developer/Toolchains/XcodeDefault.xctoolchain/usr/lib/swift/iphoneos/prebuilt-modules/27.2/OSLog.swiftmodule/arm64e-apple-ios.swiftmodule /Applications/Xcode_27.2_beta.app/Contents/Developer/Toolchains/XcodeDefault.xctoolchain/usr/lib/swift/iphoneos/prebuilt-modules/27.2/Metal.swiftmodule/arm64e-apple-ios.swiftmodule /Applications/Xcode_27.2_beta.app/Contents/Developer/Toolchains/XcodeDefault.xctoolchain/usr/lib/swift/iphoneos/prebuilt-modules/27.2/Darwin.swiftmodule/arm64e-apple-ios.swiftmodule /Applications/Xcode_27.2_beta.app/Contents/Developer/Toolchains/XcodeDefault.xctoolchain/usr/lib/swift/iphoneos/prebuilt-modules/27.2/SwiftUICore.swiftmodule/arm64e-apple-ios.swiftmodule /Applications/Xcode_27.2_beta.app/Contents/Developer/Toolchains/XcodeDefault.xctoolchain/usr/lib/swift/iphoneos/prebuilt-modules/27.2/FileProvider.swiftmodule/arm64e-apple-ios.swiftmodule /Applications/Xcode_27.2_beta.app/Contents/Developer/Toolchains/XcodeDefault.xctoolchain/usr/lib/swift/iphoneos/prebuilt-modules/27.2/Distributed.swiftmodule/arm64e-apple-ios.swiftmodule /Applications/Xcode_27.2_beta.app/Contents/Developer/Toolchains/XcodeDefault.xctoolchain/usr/lib/swift/iphoneos/prebuilt-modules/27.2/ImageIO.swiftmodule/arm64e-apple-ios.swiftmodule /Users/runner/Library/Developer/Xcode/DerivedData/SDKExplicitPrecompiledModules/CoreImage-5O4MEMCYM6WF4AQYQEY51O39F.pcm /Users/runner/Library/Developer/Xcode/DerivedData/SDKExplicitPrecompiledModules/CFNetwork-ECKAH5PW4Z6R0FMV18ADRGUQ7.pcm /Users/runner/Library/Developer/Xcode/DerivedData/SDKExplicitPrecompiledModules/Metal-B33OEB4YA38EYUP6SL8J4B8RA.pcm /Users/runner/Library/Developer/Xcode/DerivedData/SDKExplicitPrecompiledModules/simd-6V30UZ26QLV7CEV3YZGCHSWKQ.pcm /Users/runner/Library/Developer/Xcode/DerivedData/SDKExplicitPrecompiledModules/CoreAudio-7KQDB56IQFBFI3K6FLUKR337F.pcm /Users/runner/Library/Developer/Xcode/DerivedData/SDKExplicitPrecompiledModules/IOSurface-8T8KEM6PNJFGMOKOVOEG2F0I0.pcm /Users/runner/Library/Developer/Xcode/DerivedData/SDKExplicitPrecompiledModules/UserNotifications-824YDZKMEDCVXPKFCV3NFNCGL.pcm /Users/runner/Library/Developer/Xcode/DerivedData/SDKExplicitPrecompiledModules/Darwin-7POI071228FZVXFPENK03HSQN.pcm /Users/runner/Library/Developer/Xcode/DerivedData/SDKExplicitPrecompiledModules/UIUtilities-8MHPM2ZFZ9BT9MWS0JLPM2EFY.pcm /Users/runner/Library/Developer/Xcode/DerivedData/SDKExplicitPrecompiledModules/os_object-6PI4GBSF8OC4NHB9LMJF5YBSX.pcm /Users/runner/Library/Developer/Xcode/DerivedData/SDKExplicitPrecompiledModules/DataDetection-WQVP9YKCPZFW8SGOGHGXKYUB.pcm /Users/runner/Library/Developer/Xcode/DerivedData/SDKExplicitPrecompiledModules/ptrcheck-CEM0E81B76GB6Z6GVWX1G9TQ7.pcm /Users/runner/Library/Developer/Xcode/DerivedData/SDKExplicitPrecompiledModules/_AvailabilityInternal-8RHOL49PWKGB9LBNCO9U9PR4K.pcm /Users/runner/Library/Developer/Xcode/DerivedData/SDKExplicitPrecompiledModules/CoreFoundation-AZBU4PG7FJVHDPISMYODBCO1I.pcm /Users/runner/Library/Developer/Xcode/DerivedData/SDKExplicitPrecompiledModules/OpenGLES-EDDWJ541QW37DWPECI4B7FXHE.pcm /Users/runner/Library/Developer/Xcode/DerivedData/SDKExplicitPrecompiledModules/Spatial-9UHXN5AW93FPH3AUKALYQ47NU.pcm /Users/runner/Library/Developer/Xcode/DerivedData/SDKExplicitPrecompiledModules/_Builtin_tgmath-4NBENR6R2T7BTNL2D9KLS6D7F.pcm /Users/runner/Library/Developer/Xcode/DerivedData/SDKExplicitPrecompiledModules/Accessibility-DD0HH38XG6OAXUQA1WO9R7AW8.pcm /Users/runner/Library/Developer/Xcode/DerivedData/SDKExplicitPrecompiledModules/_Builtin_stdarg-28SEFH643F2932S3J24BI0C28.pcm /Users/runner/Library/Developer/Xcode/DerivedData/SDKExplicitPrecompiledModules/os_workgroup-84VPMMCQ3RQE2885JQWJ8E7MD.pcm /Users/runner/Library/Developer/Xcode/DerivedData/SDKExplicitPrecompiledModules/_Builtin_limits-8EHGI51XRMY6L1PZ981ZGK801.pcm /Users/runner/Library/Developer/Xcode/DerivedData/SDKExplicitPrecompiledModules/_Builtin_stdint-SL0SXC09KVIHE4JPG8G24LDE.pcm /Users/runner/Library/Developer/Xcode/DerivedData/SDKExplicitPrecompiledModules/_DarwinFoundation1-67FF2MCUDQSFU1PTLDF37WNRR.pcm /Users/runner/Library/Developer/Xcode/DerivedData/SDKExplicitPrecompiledModules/Foundation-9TRGCRNJ6K11BKFZBA43CHIXQ.pcm /Users/runner/Library/Developer/Xcode/DerivedData/SDKExplicitPrecompiledModules/_Builtin_inttypes-6DL3K35LWHCUMJASC975OWFSI.pcm /Users/runner/Library/Developer/Xcode/DerivedData/SDKExplicitPrecompiledModules/CoreData-AMQUJXRDMOIS78QQTQGHNTF71.pcm /Users/runner/Library/Developer/Xcode/DerivedData/SDKExplicitPrecompiledModules/Dispatch-CO2LBS82MX9FNTQRUL5YDPOGV.pcm /Users/runner/Library/Developer/Xcode/DerivedData/SDKExplicitPrecompiledModules/Security-EVSWZSYRJ5DW42B8WAKRDT7W3.pcm /Users/runner/Library/Developer/Xcode/DerivedData/SDKExplicitPrecompiledModules/_Builtin_stddef-5ZIBFVGUTRNNW2E7RQRRZO658.pcm /Users/runner/Library/Developer/Xcode/DerivedData/SDKExplicitPrecompiledModules/SwiftShims-D6XLVJTU1E1O985EP0YHB1FU.pcm /Users/runner/Library/Developer/Xcode/DerivedData/SDKExplicitPrecompiledModules/sys_types-53XCSB9CE4H3G0K9P0CK2E6FR.pcm /Users/runner/Library/Developer/Xcode/DerivedData/SDKExplicitPrecompiledModules/CoreAudioTypes-2F7267IE4PYH4QXG29G5XRZ2Q.pcm /Users/runner/Library/Developer/Xcode/DerivedData/SDKExplicitPrecompiledModules/string_h-14SEBZIV26WWV4FZLCKFUTEOV.pcm /Users/runner/Library/Developer/Xcode/DerivedData/SDKExplicitPrecompiledModules/_DarwinFoundation3-BKS2H784NH4JNEDZJJKIXFGVO.pcm /Users/runner/Library/Developer/Xcode/DerivedData/SDKExplicitPrecompiledModules/Symbols-9NI09IB8PL6ZSDYNLIFA92OMV.pcm /Users/runner/Library/Developer/Xcode/DerivedData/SDKExplicitPrecompiledModules/_Builtin_stdbool-ETW85F8ZJPLKNNAPX1EZMPNLV.pcm /Users/runner/Library/Developer/Xcode/DerivedData/SDKExplicitPrecompiledModules/ImageIO-DMKMM03YAWPRKG9K1PUQAPCTY.pcm /Users/runner/Library/Developer/Xcode/DerivedData/SDKExplicitPrecompiledModules/ObjectiveC-D1SBN3X8TCBL01ZX5T28NJL8E.pcm /Users/runner/Library/Developer/Xcode/DerivedData/SDKExplicitPrecompiledModules/XPC-B4S7IU1A0Q2TA14PN59CG1CJ0.pcm /Users/runner/Library/Developer/Xcode/DerivedData/SDKExplicitPrecompiledModules/DeveloperToolsSupport-JLR5L9GD0O95VN71T33TTDZI.pcm /Users/runner/Library/Developer/Xcode/DerivedData/SDKExplicitPrecompiledModules/_SwiftConcurrencyShims-BX6CPETFE8UKMXE9BICRB7H8F.pcm /Users/runner/Library/Developer/Xcode/DerivedData/SDKExplicitPrecompiledModules/CoreMedia-3RMHMJ88GXZB6HSRXPESJ8YU.pcm /Users/runner/Library/Developer/Xcode/DerivedData/SDKExplicitPrecompiledModules/MachO-4S2FUPS1U69UN3LZ0SPJZI2LY.pcm /Users/runner/Library/Developer/Xcode/DerivedData/SDKExplicitPrecompiledModules/CoreLocation-4UZKFTJ9CQ4O1WR8IHEF2OQHJ.pcm /Users/runner/Library/Developer/Xcode/DerivedData/SDKExplicitPrecompiledModules/_DarwinFoundation2-9KZ0P42CLGUQDWZV5TWJL9KVJ.pcm /Users/runner/Library/Developer/Xcode/DerivedData/SDKExplicitPrecompiledModules/CoreGraphics-5W1AH97IV176WY3ZFOE4HR26O.pcm /Users/runner/Library/Developer/Xcode/DerivedData/SDKExplicitPrecompiledModules/SwiftUI-A4SZ3NXFA4030BHR4E6S8KL9O.pcm /Users/runner/Library/Developer/Xcode/DerivedData/SDKExplicitPrecompiledModules/Network-2WU1TIL204KUI861464N48HTH.pcm /Users/runner/Library/Developer/Xcode/DerivedData/SDKExplicitPrecompiledModules/dnssd-251STBJERLHRBIPLNUFNL1MJC.pcm /Users/runner/Library/Developer/Xcode/DerivedData/SDKExplicitPrecompiledModules/ptrauth-8TC8552R53TBBW3HG19Y8NTXU.pcm /Users/runner/Library/Developer/Xcode/DerivedData/SDKExplicitPrecompiledModules/UniformTypeIdentifiers-5TT07ARPDAHC2FREYJYUNM4TI.pcm /Users/runner/Library/Developer/Xcode/DerivedData/SDKExplicitPrecompiledModules/OSLog-IJSJFT1SH1MYP5K4BLVHC1H6.pcm /Users/runner/Library/Developer/Xcode/DerivedData/SDKExplicitPrecompiledModules/FileProvider-AYPU5XF8RXSGGLU4V8YX12ZIX.pcm /Users/runner/Library/Developer/Xcode/DerivedData/SDKExplicitPrecompiledModules/CoreVideo-6648YR3E6XLLY09IJDB0EICCL.pcm /Users/runner/Library/Developer/Xcode/DerivedData/SDKExplicitPrecompiledModules/SwiftUICore-CQUQ8UZTKI95EEYMBS0VCXGNB.pcm /Users/runner/Library/Developer/Xcode/DerivedData/SDKExplicitPrecompiledModules/_Builtin_stdatomic-6SR8LRMYXW1R184NEFRM0T6C1.pcm /Users/runner/Library/Developer/Xcode/DerivedData/SDKExplicitPrecompiledModules/_Builtin_intrinsics-4Y5V32SH9AL1NF1LKS87TM7V8.pcm /Users/runner/Library/Developer/Xcode/DerivedData/SDKExplicitPrecompiledModules/UIKit-7ZFLQEWW8YIB1O52B1X17SZ6N.pcm /Users/runner/Library/Developer/Xcode/DerivedData/SDKExplicitPrecompiledModules/_LocationEssentials-3QWS97XQ3T569VALMHTF284PT.pcm /Users/runner/Library/Developer/Xcode/DerivedData/SDKExplicitPrecompiledModules/os-C80I0OTK0F0Z2GL4T80Z0N3R3.pcm /Users/runner/Library/Developer/Xcode/DerivedData/SDKExplicitPrecompiledModules/CoreTransferable-4VE0H2X4OUVVV9GPGLJD2OWD0.pcm /Users/runner/Library/Developer/Xcode/DerivedData/SDKExplicitPrecompiledModules/CoreText-4VLH5P0TIGRZ6XVJDPXLC0Y4C.pcm /Users/runner/Library/Developer/Xcode/DerivedData/SDKExplicitPrecompiledModules/QuartzCore-2NRQVFKZZJCRF6PJMZ7T309XG.pcm /Users/runner/Library/Developer/Xcode/DerivedData/SDKExplicitPrecompiledModules/CoreMotion-3ON4B1671F3BD2AHEN5WYSPJM.pcm /Users/runner/Library/Developer/Xcode/DerivedData/SDKExplicitPrecompiledModules/_Builtin_float-1UD0B2Q4RWTYQAUXDV18XQE9W.pcm /Users/runner/Library/Developer/Xcode/DerivedData/PC-on-iPhone-ekhnvknuyqllcabiizjfuqteckcb/Build/Intermediates.noindex/ArchiveIntermediates/PC-on-iPhone/IntermediateBuildFilesPath/PC-on-iPhone.build/Release-iphoneos/PC-on-iPhone.build/Objects-normal/arm64/PC_on_iPhone-dependencies-1.json (in target 'PC-on-iPhone' from project 'PC-on-iPhone')
	Archiving project PC-on-iPhone with scheme PC-on-iPhone
(3 failures)
